INSERT INTO administration_routes (id, description) VALUES (1, 'внутренний');
INSERT INTO administration_routes (id, description) VALUES (2, 'внешний');

INSERT INTO drug_types (id, name, cookable) VALUES (1, 'таблетки', 0);
INSERT INTO drug_types (id, name, cookable) VALUES (2, 'мазь', 1);
INSERT INTO drug_types (id, name, cookable) VALUES (3, 'настойка', 1);
INSERT INTO drug_types (id, name, cookable) VALUES (4, 'микстура', 1);
INSERT INTO drug_types (id, name, cookable) VALUES (5, 'раствор', 1);
INSERT INTO drug_types (id, name, cookable) VALUES (6, 'порошок', 1);

INSERT INTO mixture_types (id, name) VALUES (1, 'прозрачный');
INSERT INTO mixture_types (id, name) VALUES (2, 'мутный');
INSERT INTO mixture_types (id, name) VALUES (3, 'с осадком');

INSERT INTO customers (id, full_name, phone_number, address) VALUES (1, 'Вакулин Василий Семёнович', '+7-(999)-898-31-12', 'Липецк, ул. Артюхиной, д. 1006');
INSERT INTO customers (id, full_name, phone_number, address) VALUES (2, 'Фурманов Тит Георгиевич', '+7-(966)-899-58-30', 'Липецк, ул. Молодежная, д. 806');
INSERT INTO customers (id, full_name, phone_number, address) VALUES (3, 'Астапова Сати Трофимовна', '+7-(938)-377-46-79', 'Липецк, ул. Украинская, д. 1156');
INSERT INTO customers (id, full_name, phone_number, address) VALUES (4, 'Босова Лора Всеволодовна', '+7-(999)-513-81-04', 'Липецк, ул. Серпов, д. 154');
INSERT INTO customers (id, full_name, phone_number, address) VALUES (5, 'Антонова Ляйсан Яковлевна', '+7-(999)-952-50-55', 'Липецк, ул. Переяславская Ср., д. 1334');
INSERT INTO customers (id, full_name, phone_number, address) VALUES (6, 'Ахадова Астрид Трифоновна', '+7-(968)-610-47-66', 'Липецк, ул. Воздвиженка, д. 1384');
INSERT INTO customers (id, full_name, phone_number, address) VALUES (7, 'Беззубенко Филат Богданович', '+7-(999)-764-45-40', 'Липецк, ул. Плотинная, д. 643');
INSERT INTO customers (id, full_name, phone_number, address) VALUES (8, 'Аврамов Георгий Ефстафьевич', '+7-(913)-131-90-23', 'Липецк, ул. Берников, д. 798');
INSERT INTO customers (id, full_name, phone_number, address) VALUES (9, 'Давыдов Мина Егорович', '+7-(968)-184-25-16', 'Липецк, ул. Скаковая, д. 944');
INSERT INTO customers (id, full_name, phone_number, address) VALUES (10, 'Бортников Фирс Валерьянович', '+7-(975)-625-33-49', 'Липецк, ул. Головинское, д. 1239');
INSERT INTO customers (id, full_name, phone_number, address) VALUES (11, 'Бортникова Ава Изотовна', '+7-(909)-960-78-76', 'Липецк, ул. Рыбинская, д. 517');
INSERT INTO customers (id, full_name, phone_number, address) VALUES (12, 'Незнанский Константин Гордеевич', '+7-(909)-417-09-95', 'Липецк, ул. Сормовская, д. 1074');
INSERT INTO customers (id, full_name, phone_number, address) VALUES (13, 'Опимахова Мелисса Вячеславовна', '+7-(925)-985-86-93', 'Липецк, ул. Сосновка, д. 480');
INSERT INTO customers (id, full_name, phone_number, address) VALUES (14, 'Смольникова Люче Витальевна', '+7-(981)-392-32-86', 'Липецк, ул. Заречная, д. 138');
INSERT INTO customers (id, full_name, phone_number, address) VALUES (15, 'Гиваргизова Таисия Ильясовна', '+7-(912)-591-74-32', 'Липецк, ул. Брестская 2-я, д. 481');
INSERT INTO customers (id, full_name, phone_number, address) VALUES (16, 'Берёзина Галина Харламповна', '+7-(963)-494-95-09', 'Липецк, ул. Ратная, д. 1046');
INSERT INTO customers (id, full_name, phone_number, address) VALUES (17, 'Ковалева Фазиля Измаиловна', '+7-(969)-521-88-79', 'Липецк, ул. Чкалова, д. 231');
INSERT INTO customers (id, full_name, phone_number, address) VALUES (18, 'Агапова Зарина Ефремовна', '+7-(933)-580-51-26', 'Липецк, ул. Хорошевская 3-я, д. 671');
INSERT INTO customers (id, full_name, phone_number, address) VALUES (19, 'Кузнецова Лада Жановна', '+7-(963)-576-67-39', 'Липецк, ул. Жужа, д. 110');
INSERT INTO customers (id, full_name, phone_number, address) VALUES (20, 'Терентьева Октябрина Эдуардовна', '+7-(913)-721-56-51', 'Липецк, ул. Седова, д. 1');
INSERT INTO customers (id, full_name, phone_number, address) VALUES (21, 'Плакидина Надежда Харламповна', '+7-(962)-179-69-00', 'Липецк, ул. Суздальская, д. 348');
INSERT INTO customers (id, full_name, phone_number, address) VALUES (22, 'Сокова Милица Валериановна', '+7-(909)-363-26-24', 'Липецк, ул. Хлебная, д. 996');
INSERT INTO customers (id, full_name, phone_number, address) VALUES (23, 'Александрова Алана Ярославовна', '+7-(968)-143-43-62', 'Липецк, ул. Семеновская М., д. 935');
INSERT INTO customers (id, full_name, phone_number, address) VALUES (24, 'Герман Савелий Чеславович', '+7-(913)-526-23-30', 'Липецк, ул. Коломенская, д. 376');
INSERT INTO customers (id, full_name, phone_number, address) VALUES (25, 'Уткин Святослав Ерофеевич', '+7-(909)-975-32-23', 'Липецк, ул. Дмитрия Донского, д. 348');
INSERT INTO customers (id, full_name, phone_number, address) VALUES (26, 'Труфанова Леона Арсеньевна', '+7-(918)-736-99-02', 'Липецк, ул. Планетная, д. 1306');
INSERT INTO customers (id, full_name, phone_number, address) VALUES (27, 'Порфирьева Ванда Аверьяновна', '+7-(927)-561-32-97', 'Липецк, ул. Мастеровая, д. 873');
INSERT INTO customers (id, full_name, phone_number, address) VALUES (28, 'Марлинская Венера Феофановна', '+7-(909)-794-09-52', 'Липецк, ул. Старомонетная, д. 1258');
INSERT INTO customers (id, full_name, phone_number, address) VALUES (29, 'Нарбиков Степан Ефимьевич', '+7-(916)-713-79-49', 'Липецк, ул. Овчинниковская, д. 297');
INSERT INTO customers (id, full_name, phone_number, address) VALUES (30, 'Пестова Гульшат Харитоновна', '+7-(962)-075-83-22', 'Липецк, ул. Спиридоновка, д. 450');
INSERT INTO customers (id, full_name, phone_number, address) VALUES (31, 'Смородинская Ника Егоровна', '+7-(936)-732-36-08', 'Липецк, ул. Хилков, д. 53');
INSERT INTO customers (id, full_name, phone_number, address) VALUES (32, 'Просвирнина Евангелина Антоновна', '+7-(909)-741-55-84', 'Липецк, ул. Селезневская, д. 904');
INSERT INTO customers (id, full_name, phone_number, address) VALUES (33, 'Федотов Фёдор Антипович', '+7-(902)-785-86-88', 'Липецк, ул. Северодонецкая 2-я, д. 611');
INSERT INTO customers (id, full_name, phone_number, address) VALUES (34, 'Аркадова Самира Абрамовна', '+7-(916)-419-92-62', 'Липецк, ул. Таллинская, д. 1202');
INSERT INTO customers (id, full_name, phone_number, address) VALUES (35, 'Константинова Цецилия Сидоровна', '+7-(968)-775-46-49', 'Липецк, ул. Жуковского, д. 412');
INSERT INTO customers (id, full_name, phone_number, address) VALUES (36, 'Кобрина Раяна Васильевна', '+7-(911)-736-62-03', 'Липецк, ул. Санникова, д. 35');
INSERT INTO customers (id, full_name, phone_number, address) VALUES (37, 'Емельянов Альберт Гаврилович', '+7-(937)-804-63-54', 'Липецк, ул. Таллинская, д. 199');
INSERT INTO customers (id, full_name, phone_number, address) VALUES (38, 'Владимов Фрол Аксёнович', '+7-(968)-145-58-03', 'Липецк, ул. Демидовский Б., д. 203');
INSERT INTO customers (id, full_name, phone_number, address) VALUES (39, 'Василева Роберта Ермолаевна', '+7-(968)-757-79-56', 'Липецк, ул. Новопеределкинская, д. 449');
INSERT INTO customers (id, full_name, phone_number, address) VALUES (40, 'Ставрогина Евдокия Юлиановна', '+7-(967)-399-30-72', 'Липецк, ул. Лазенки 3-я, д. 1228');
INSERT INTO customers (id, full_name, phone_number, address) VALUES (41, 'Мартынова Авдотья Димитриевна', '+7-(961)-320-08-14', 'Липецк, ул. Зорге, д. 965');
INSERT INTO customers (id, full_name, phone_number, address) VALUES (42, 'Бенедиктов Николай Георгиевич', '+7-(920)-436-20-87', 'Липецк, ул. Известковая, д. 778');
INSERT INTO customers (id, full_name, phone_number, address) VALUES (43, 'Березина Габриэлла Терентьевна', '+7-(963)-945-44-52', 'Липецк, ул. Академика Люльки, д. 35');
INSERT INTO customers (id, full_name, phone_number, address) VALUES (44, 'Сажина Индира Ермолаевна', '+7-(966)-562-41-65', 'Липецк, ул. Головинская, д. 1092');
INSERT INTO customers (id, full_name, phone_number, address) VALUES (45, 'Остапова Клавдия Дмитриевна', '+7-(916)-561-68-70', 'Липецк, ул. Оленья М., д. 1354');
INSERT INTO customers (id, full_name, phone_number, address) VALUES (46, 'Пьянов Федосей Фёдорович', '+7-(968)-354-31-29', 'Липецк, ул. Новосходненское, д. 613');
INSERT INTO customers (id, full_name, phone_number, address) VALUES (47, 'Паустовская Лариса Августовна', '+7-(999)-894-35-84', 'Липецк, ул. Северная 4-я, д. 432');
INSERT INTO customers (id, full_name, phone_number, address) VALUES (48, 'Лукьяненко Арсений Антонович', '+7-(909)-621-84-53', 'Липецк, ул. Троекуровская, д. 23');
INSERT INTO customers (id, full_name, phone_number, address) VALUES (49, 'Гиваргизова Лора Эдгардовна', '+7-(999)-981-00-41', 'Липецк, ул. Кибальчича, д. 1318');
INSERT INTO customers (id, full_name, phone_number, address) VALUES (50, 'Стрелков Аркадий Игнатович', '+7-(941)-254-01-35', 'Липецк, ул. Путейская, д. 1400');
INSERT INTO customers (id, full_name, phone_number, address) VALUES (51, 'Катишонок Валерий Антипович', '+7-(968)-399-05-04', 'Липецк, ул. Бронная М., д. 130');
INSERT INTO customers (id, full_name, phone_number, address) VALUES (52, 'Лобкова Лана Тихоновна', '+7-(999)-054-24-81', 'Липецк, ул. Корнейчука, д. 56');
INSERT INTO customers (id, full_name, phone_number, address) VALUES (53, 'Ефросинов Валентин Эдгарович', '+7-(999)-193-48-58', 'Липецк, ул. Измайловская Пасека, д. 862');
INSERT INTO customers (id, full_name, phone_number, address) VALUES (54, 'Софонова Тара Андреевна', '+7-(925)-413-77-13', 'Липецк, ул. Брюсов, д. 282');
INSERT INTO customers (id, full_name, phone_number, address) VALUES (55, 'Дроздова Лера Федосеевна', '+7-(999)-499-50-03', 'Липецк, ул. Потылиха, д. 867');
INSERT INTO customers (id, full_name, phone_number, address) VALUES (56, 'Григоров Святослав Федотович', '+7-(968)-255-36-75', 'Липецк, ул. Трубная, д. 1106');
INSERT INTO customers (id, full_name, phone_number, address) VALUES (57, 'Збруева Ума Тимуровна', '+7-(999)-957-22-89', 'Липецк, ул. Лазенки 7-я, д. 401');
INSERT INTO customers (id, full_name, phone_number, address) VALUES (58, 'Сафронов Кирилл Аверьянович', '+7-(999)-565-86-84', 'Липецк, ул. Новые Черемушки 24-25, д. 465');
INSERT INTO customers (id, full_name, phone_number, address) VALUES (59, 'Можаева Альбина Анатольевна', '+7-(968)-727-64-05', 'Липецк, ул. Краснопресненская Застава, д. 276');
INSERT INTO customers (id, full_name, phone_number, address) VALUES (60, 'Николаев Демьян Адамович', '+7-(968)-720-03-64', 'Липецк, ул. Чкалова (дп им Ларина), д. 565');

INSERT INTO doctors (id, full_name) VALUES (5, 'Зыкин Никифор Артурович');
INSERT INTO doctors (id, full_name) VALUES (4, 'Ильин Владимир Арсеньевич');
INSERT INTO doctors (id, full_name) VALUES (6, 'Кох Фока Харлампьевич');
INSERT INTO doctors (id, full_name) VALUES (3, 'Литвинов Эраст Ермилович');
INSERT INTO doctors (id, full_name) VALUES (2, 'Николаевич Николай Юлианович');
INSERT INTO doctors (id, full_name) VALUES (7, 'Пигасова Эльвина Валерьевна');
INSERT INTO doctors (id, full_name) VALUES (9, 'Садофьев Христофор Зиновьевич');
INSERT INTO doctors (id, full_name) VALUES (10, 'Свинаренко Акакий Демьянович');
INSERT INTO doctors (id, full_name) VALUES (1, 'Соломатин Пров Тимурович');
INSERT INTO doctors (id, full_name) VALUES (8, 'Чиркова Виола Семёновна');

INSERT INTO lab_workers (id, full_name) VALUES (1, 'Останин Степан Гордеевич');
INSERT INTO lab_workers (id, full_name) VALUES (2, 'Смольникова Тамила Евсеевна');
INSERT INTO lab_workers (id, full_name) VALUES (3, 'Перфильев Митрофан Евстигнеевич');
INSERT INTO lab_workers (id, full_name) VALUES (4, 'Ким Аркадий Артемьевич');
INSERT INTO lab_workers (id, full_name) VALUES (5, 'Слепнева Юния Яковлевна');

INSERT INTO patients (id, full_name, birthday) VALUES (1, 'Фролова Адиля Аароновна', '1977-02-16');
INSERT INTO patients (id, full_name, birthday) VALUES (2, 'Лоскутов Геннадий Даниилович', '1978-07-04');
INSERT INTO patients (id, full_name, birthday) VALUES (3, 'Севела Лукьян Арсеньевич', '1973-02-23');
INSERT INTO patients (id, full_name, birthday) VALUES (4, 'Фотиев Владлен Эдгардович', '1993-11-15');
INSERT INTO patients (id, full_name, birthday) VALUES (5, 'Гущина Алина Харлампьевна', '1956-08-22');
INSERT INTO patients (id, full_name, birthday) VALUES (6, 'Ганичева Ея Харитоновна', '1966-02-13');
INSERT INTO patients (id, full_name, birthday) VALUES (7, 'Васькин Илья Антонович', '1962-02-27');
INSERT INTO patients (id, full_name, birthday) VALUES (8, 'Басманова Агата Ярославовна', '1990-03-11');
INSERT INTO patients (id, full_name, birthday) VALUES (9, 'Тынянов Ириней Дмитриевич', '1996-10-24');
INSERT INTO patients (id, full_name, birthday) VALUES (10, 'Перумова Тереза Сидоровна', '1964-12-01');
INSERT INTO patients (id, full_name, birthday) VALUES (11, 'Коржавина Эсмеральда Харитоновна', '1989-03-09');
INSERT INTO patients (id, full_name, birthday) VALUES (12, 'Соротокина Дильназ Анисимовна', '1974-10-16');
INSERT INTO patients (id, full_name, birthday) VALUES (13, 'Бортников Ярослав Бориславович', '2000-12-04');
INSERT INTO patients (id, full_name, birthday) VALUES (14, 'Парфёнов Ерофей Юльевич', '1991-01-29');
INSERT INTO patients (id, full_name, birthday) VALUES (15, 'Кулагин Кондрат Валентинович', '1984-06-05');
INSERT INTO patients (id, full_name, birthday) VALUES (16, 'Марамзин Евстафий Харламович', '1955-04-10');
INSERT INTO patients (id, full_name, birthday) VALUES (17, 'Гусева Устинья Гурьевна', '1994-11-07');
INSERT INTO patients (id, full_name, birthday) VALUES (18, 'Екимова Пелагея Михайловна', '1970-04-12');
INSERT INTO patients (id, full_name, birthday) VALUES (19, 'Бессараб Альберт Данилович', '1978-08-07');
INSERT INTO patients (id, full_name, birthday) VALUES (20, 'Василова Каролина Харламовна', '1952-05-06');
INSERT INTO patients (id, full_name, birthday) VALUES (21, 'Зорин Герман Фёдорович', '1959-09-30');
INSERT INTO patients (id, full_name, birthday) VALUES (22, 'Тихонова Асия Артёмовна', '1989-08-14');
INSERT INTO patients (id, full_name, birthday) VALUES (23, 'Сафонов Егор Ярославович', '1956-10-05');
INSERT INTO patients (id, full_name, birthday) VALUES (24, 'Афросимов Пров Гурьевич', '1963-08-21');
INSERT INTO patients (id, full_name, birthday) VALUES (25, 'Анурьев Альберт Феофанович', '1974-01-14');
INSERT INTO patients (id, full_name, birthday) VALUES (26, 'Королёв Федот Филатович', '1975-09-03');
INSERT INTO patients (id, full_name, birthday) VALUES (27, 'Евстигнеева Ариана Бенедиктовна', '1987-04-03');
INSERT INTO patients (id, full_name, birthday) VALUES (28, 'Хлестаков Евграф Геннадиевич', '1992-01-15');
INSERT INTO patients (id, full_name, birthday) VALUES (29, 'Буркатовская Вероника Давидовна', '1961-11-01');
INSERT INTO patients (id, full_name, birthday) VALUES (30, 'Левитина Галина Жоресовна', '1995-02-14');
INSERT INTO patients (id, full_name, birthday) VALUES (31, 'Чехов Герман Феоктистович', '1982-12-22');
INSERT INTO patients (id, full_name, birthday) VALUES (32, 'Григорьев Леонтий Дмитриевич', '1956-11-20');
INSERT INTO patients (id, full_name, birthday) VALUES (33, 'Харлампиева Леона Фёдоровна', '1954-05-03');
INSERT INTO patients (id, full_name, birthday) VALUES (34, 'Гедеонова Лариса Исидоровна', '1977-05-22');
INSERT INTO patients (id, full_name, birthday) VALUES (35, 'Полуянов Дорофей Даниилович', '1970-07-11');
INSERT INTO patients (id, full_name, birthday) VALUES (36, 'Кузнецова Индира Герасимовна', '1969-01-16');
INSERT INTO patients (id, full_name, birthday) VALUES (37, 'Черчесова Элеонора Анатольевна', '2000-08-24');
INSERT INTO patients (id, full_name, birthday) VALUES (38, 'Крылова Констанция Аароновна', '1997-06-21');
INSERT INTO patients (id, full_name, birthday) VALUES (39, 'Ионин Станислав Игоревич', '1996-06-28');
INSERT INTO patients (id, full_name, birthday) VALUES (40, 'Елизарова Корнелия Филипповна', '1964-06-19');
INSERT INTO patients (id, full_name, birthday) VALUES (41, 'Бундур Трифон Владиленович', '1972-01-20');
INSERT INTO patients (id, full_name, birthday) VALUES (42, 'Козлачкова Златослава Владимировна', '1991-05-19');
INSERT INTO patients (id, full_name, birthday) VALUES (43, 'Чернова Альфия Сидоровна', '1979-12-29');
INSERT INTO patients (id, full_name, birthday) VALUES (44, 'Варшавский Митрофан Владленович', '1959-09-19');
INSERT INTO patients (id, full_name, birthday) VALUES (45, 'Жириновская Надежда Августовна', '1964-11-01');
INSERT INTO patients (id, full_name, birthday) VALUES (46, 'Алексина Долорес Ефимовна', '1989-05-04');
INSERT INTO patients (id, full_name, birthday) VALUES (47, 'Флегонтова Сильвия Тихоновна', '1983-10-23');
INSERT INTO patients (id, full_name, birthday) VALUES (48, 'Симонова Астрид Давидовна', '1975-10-30');
INSERT INTO patients (id, full_name, birthday) VALUES (49, 'Клепикова Анжелика Владиленовна', '1997-06-14');
INSERT INTO patients (id, full_name, birthday) VALUES (50, 'Арефин Мирослав Глебович', '1967-06-24');
INSERT INTO patients (id, full_name, birthday) VALUES (51, 'Куваев Мартын Ерофеевич', '1959-03-27');
INSERT INTO patients (id, full_name, birthday) VALUES (52, 'Вайман Архипп Арсенович', '1967-05-06');
INSERT INTO patients (id, full_name, birthday) VALUES (53, 'Могутин Софрон Иосипович', '1977-11-14');
INSERT INTO patients (id, full_name, birthday) VALUES (54, 'Анемподистов Сильвестр Германович', '1996-03-17');
INSERT INTO patients (id, full_name, birthday) VALUES (55, 'Одоевская Дарья Власовна', '1974-03-14');
INSERT INTO patients (id, full_name, birthday) VALUES (56, 'Лагунов Артур Адамович', '1966-10-26');
INSERT INTO patients (id, full_name, birthday) VALUES (57, 'Задорова Агата Демидовна', '1954-04-14');
INSERT INTO patients (id, full_name, birthday) VALUES (58, 'Зябликова Фелисити Дорофеевна', '1980-08-14');
INSERT INTO patients (id, full_name, birthday) VALUES (59, 'Булочникова Светлана Трофимовна', '1994-10-05');
INSERT INTO patients (id, full_name, birthday) VALUES (60, 'Мозговая Марина Ефстафьевна', '1991-04-20');
INSERT INTO patients (id, full_name, birthday) VALUES (61, 'Довлатова Мария Арсеновна', '1954-12-23');
INSERT INTO patients (id, full_name, birthday) VALUES (62, 'Беломлинская Римма Вилоровна', '1961-05-23');
INSERT INTO patients (id, full_name, birthday) VALUES (63, 'Михаилова Сафура Чеславовна', '1969-10-05');
INSERT INTO patients (id, full_name, birthday) VALUES (64, 'Гершанова Ярослава Еремеевна', '1985-02-04');
INSERT INTO patients (id, full_name, birthday) VALUES (65, 'Николаева Лилит Жановна', '1973-01-05');
INSERT INTO patients (id, full_name, birthday) VALUES (66, 'Личутин Федот Якубович', '1991-05-16');
INSERT INTO patients (id, full_name, birthday) VALUES (67, 'Свитнев Игорь Ильич', '1951-07-22');
INSERT INTO patients (id, full_name, birthday) VALUES (68, 'Гаврилова Сара Егоровна', '1980-12-23');
INSERT INTO patients (id, full_name, birthday) VALUES (69, 'Белокуров Фома Викентьевич', '1984-09-15');
INSERT INTO patients (id, full_name, birthday) VALUES (70, 'Мохнаткина Сальма Семёновна', '1961-06-11');
INSERT INTO patients (id, full_name, birthday) VALUES (71, 'Толстых Олег Георгиевич', '1978-08-07');
INSERT INTO patients (id, full_name, birthday) VALUES (72, 'Дмитрук Фома Фомич', '1980-07-01');
INSERT INTO patients (id, full_name, birthday) VALUES (73, 'Федулеев Софрон Герасимович', '1984-11-24');
INSERT INTO patients (id, full_name, birthday) VALUES (74, 'Толстая Иоанна Феликсовна', '1995-03-21');
INSERT INTO patients (id, full_name, birthday) VALUES (75, 'Одинцова Соня Демидовна', '1970-08-15');
INSERT INTO patients (id, full_name, birthday) VALUES (76, 'Максимушкин Ефим Ефстафьевич', '1995-09-06');
INSERT INTO patients (id, full_name, birthday) VALUES (77, 'Памфилова Амина Архиповна', '1972-03-03');
INSERT INTO patients (id, full_name, birthday) VALUES (78, 'Дудина Лина Игоревна', '1970-11-23');
INSERT INTO patients (id, full_name, birthday) VALUES (79, 'Чистов Кир Абрамович', '1958-06-30');
INSERT INTO patients (id, full_name, birthday) VALUES (80, 'Шеянова Анжелика Харлампьевна', '1986-03-06');
INSERT INTO patients (id, full_name, birthday) VALUES (81, 'Суханов Нестор Демьянович', '1995-08-18');
INSERT INTO patients (id, full_name, birthday) VALUES (82, 'Митрофаньев Матвей Феофанович', '1967-02-08');
INSERT INTO patients (id, full_name, birthday) VALUES (83, 'Анхимова Хадия Венедиктовна', '1954-10-02');
INSERT INTO patients (id, full_name, birthday) VALUES (84, 'Белоусов Григорий Феофанович', '1978-11-25');
INSERT INTO patients (id, full_name, birthday) VALUES (85, 'Сударушкина Риана Федосеевна', '1953-12-27');
INSERT INTO patients (id, full_name, birthday) VALUES (86, 'Пудеев Владислав Эдгарович', '1965-06-17');
INSERT INTO patients (id, full_name, birthday) VALUES (87, 'Пафнутьев Сергей Андреевич', '1973-12-18');
INSERT INTO patients (id, full_name, birthday) VALUES (88, 'Анурова Варвара Анатольевна', '1966-04-25');
INSERT INTO patients (id, full_name, birthday) VALUES (89, 'Карамзина Ирма Эдгардовна', '1964-09-20');
INSERT INTO patients (id, full_name, birthday) VALUES (90, 'Денисова Соня Ермолаевна', '1958-04-24');
INSERT INTO patients (id, full_name, birthday) VALUES (91, 'Клех Денис Георгиевич', '1998-07-29');
INSERT INTO patients (id, full_name, birthday) VALUES (92, 'Фавстова Берта Филимоновна', '1993-12-24');
INSERT INTO patients (id, full_name, birthday) VALUES (93, 'Мосеев Фаддей Борисович', '1989-07-21');
INSERT INTO patients (id, full_name, birthday) VALUES (94, 'Сальников Евграф Тарасович', '1951-02-18');
INSERT INTO patients (id, full_name, birthday) VALUES (95, 'Перхуров Софрон Давыдович', '1971-06-24');
INSERT INTO patients (id, full_name, birthday) VALUES (96, 'Журавлёв Родион Теймуразович', '1953-10-19');
INSERT INTO patients (id, full_name, birthday) VALUES (97, 'Кудинова Леона Сидоровна', '1989-01-12');
INSERT INTO patients (id, full_name, birthday) VALUES (98, 'Басырова Наоми Ермиловна', '1958-07-11');
INSERT INTO patients (id, full_name, birthday) VALUES (99, 'Селезнёв Демид Евсеевич', '1950-08-24');
INSERT INTO patients (id, full_name, birthday) VALUES (100, 'Головачёв Арсений Дмитриевич', '1988-05-20');

INSERT INTO suppliers (id, name, phone_number) VALUES (1, '«Тетра пак»', '+7-(999)-866-29-42');
INSERT INTO suppliers (id, name, phone_number) VALUES (2, 'ГК «Волга-Днепр»', '+7-(999)-648-63-43');
INSERT INTO suppliers (id, name, phone_number) VALUES (3, '«Сургутнефтегаз»', '+7-(963)-105-64-18');
INSERT INTO suppliers (id, name, phone_number) VALUES (4, '«Мосметрострой»', '+7-(918)-870-00-95');
INSERT INTO suppliers (id, name, phone_number) VALUES (5, '«Макдоналдс»', '+7-(916)-439-48-60');
INSERT INTO suppliers (id, name, phone_number) VALUES (6, 'ФК «Пульс»', '+7-(914)-172-30-84');
INSERT INTO suppliers (id, name, phone_number) VALUES (7, 'АФК «Система»', '+7-(966)-938-35-61');
INSERT INTO suppliers (id, name, phone_number) VALUES (8, '«Макдоналдс»', '+7-(911)-202-49-34');
INSERT INTO suppliers (id, name, phone_number) VALUES (9, 'ГК «Эфко»', '+7-(965)-038-10-79');
INSERT INTO suppliers (id, name, phone_number) VALUES (10, '«Метро кэш энд керри»', '+7-(911)-202-49-37');

INSERT INTO drugs (id, name, cost, shelf_life, critical_amount, type_id, description) VALUES (1, 'НевроКалм', 1999, 480, 6, 6, 'препарат для устранения неврологических болей и тревожности');
INSERT INTO drugs (id, name, cost, shelf_life, critical_amount, type_id, description) VALUES (2, 'КардиоСтронг', 3299, 144, 31, 4, 'средство для укрепления сердечной мышцы и снижения давления');
INSERT INTO drugs (id, name, cost, shelf_life, critical_amount, type_id, description) VALUES (3, 'ГастроЗащита', 6899, 288, 6, 1, 'лекарство от защиты желудочно-кишечного тракта');
INSERT INTO drugs (id, name, cost, shelf_life, critical_amount, type_id, description) VALUES (4, 'ИммуноБустер', 8699, 528, 41, 1, 'препарат для усиления иммунитета');
INSERT INTO drugs (id, name, cost, shelf_life, critical_amount, type_id, description) VALUES (5, 'Детофикс', 399, 648, 49, 6, 'средство для вывода токсинов из организма');
INSERT INTO drugs (id, name, cost, shelf_life, critical_amount, type_id, description) VALUES (6, 'РадиантСкорбуцин', 9499, 408, 12, 5, 'витаминный комплекс для красоты и здоровья кожи');
INSERT INTO drugs (id, name, cost, shelf_life, critical_amount, type_id, description) VALUES (7, 'ОстеоСтронг', 3099, 504, 33, 3, 'препарат для укрепления костей');
INSERT INTO drugs (id, name, cost, shelf_life, critical_amount, type_id, description) VALUES (8, 'ПульмоКлин', 7699, 528, 14, 2, 'лекарство от заболеваний легких');
INSERT INTO drugs (id, name, cost, shelf_life, critical_amount, type_id, description) VALUES (9, 'РеноVita', 4399, 192, 30, 1, 'препарат для улучшения работы почек');
INSERT INTO drugs (id, name, cost, shelf_life, critical_amount, type_id, description) VALUES (10, 'ГемоОптим', 599, 192, 2, 1, 'средство для нормализации кровообращения');
INSERT INTO drugs (id, name, cost, shelf_life, critical_amount, type_id, description) VALUES (11, 'АллергоСтоп', 2299, 384, 9, 3, 'лекарство от аллергии');
INSERT INTO drugs (id, name, cost, shelf_life, critical_amount, type_id, description) VALUES (12, 'СомноРелакс', 5399, 120, 17, 4, 'средство для улучшения сна и борьбы со стрессом');
INSERT INTO drugs (id, name, cost, shelf_life, critical_amount, type_id, description) VALUES (13, 'Профилектум', 8099, 384, 1, 6, 'препарат для профилактики вирусных заболеваний');
INSERT INTO drugs (id, name, cost, shelf_life, critical_amount, type_id, description) VALUES (14, 'МетаТир', 599, 576, 38, 3, 'лекарство для нормализации работы щитовидной железы');
INSERT INTO drugs (id, name, cost, shelf_life, critical_amount, type_id, description) VALUES (15, 'ГиполипоКлин', 3499, 192, 24, 1, 'препарат для снижения холестерина');
INSERT INTO drugs (id, name, cost, shelf_life, critical_amount, type_id, description) VALUES (16, 'ДермаЦел', 6099, 24, 35, 2, 'средство для улучшения состояния кожи');
INSERT INTO drugs (id, name, cost, shelf_life, critical_amount, type_id, description) VALUES (17, 'Антиартроз', 9399, 624, 44, 2, 'лекарство от болей в суставах');
INSERT INTO drugs (id, name, cost, shelf_life, critical_amount, type_id, description) VALUES (18, 'ДиабетоКонтрол', 3099, 144, 37, 4, 'препарат для контроля уровня сахара в крови');
INSERT INTO drugs (id, name, cost, shelf_life, critical_amount, type_id, description) VALUES (19, 'ГастроПротект', 3099, 432, 23, 6, 'средство для защиты слизистой оболочки желудка');
INSERT INTO drugs (id, name, cost, shelf_life, critical_amount, type_id, description) VALUES (20, 'УроПрофилактин', 1999, 168, 38, 2, 'лекарство для профилактики заболеваний мочевыводящей системы');

INSERT INTO mixtures (drug_id, solvent, mixture_type_id) VALUES (2, 'Портвейн', 3);
INSERT INTO mixtures (drug_id, solvent, mixture_type_id) VALUES (12, 'Метакса', 3);
INSERT INTO mixtures (drug_id, solvent, mixture_type_id) VALUES (18, 'Мадера', 2);

INSERT INTO tinctures (drug_id, material) VALUES (7, 'Манго благоухающее');
INSERT INTO tinctures (drug_id, material) VALUES (11, 'Томатное дерево');
INSERT INTO tinctures (drug_id, material) VALUES (14, 'Дынная груша');

INSERT INTO pills (drug_id, weight_of_pill, pills_count) VALUES (3, 50, 15);
INSERT INTO pills (drug_id, weight_of_pill, pills_count) VALUES (4, 10, 11);
INSERT INTO pills (drug_id, weight_of_pill, pills_count) VALUES (9, 30, 12);
INSERT INTO pills (drug_id, weight_of_pill, pills_count) VALUES (10, 20, 16);
INSERT INTO pills (drug_id, weight_of_pill, pills_count) VALUES (15, 40, 41);

INSERT INTO powders (drug_id, composite) VALUES (1, 0);
INSERT INTO powders (drug_id, composite) VALUES (5, 1);
INSERT INTO powders (drug_id, composite) VALUES (13, 1);
INSERT INTO powders (drug_id, composite) VALUES (19, 0);

INSERT INTO salves (drug_id, active_substance) VALUES (8, 'Патиссон');
INSERT INTO salves (drug_id, active_substance) VALUES (16, 'Фасоль');
INSERT INTO salves (drug_id, active_substance) VALUES (17, 'Капуста пак-чой');
INSERT INTO salves (drug_id, active_substance) VALUES (20, 'Брокколи');

INSERT INTO solutions (drug_id, dosage) VALUES (6, 88);

INSERT INTO drug_types_administration_routes (type_id, route_id) VALUES (4, 1);
INSERT INTO drug_types_administration_routes (type_id, route_id) VALUES (6, 1);
INSERT INTO drug_types_administration_routes (type_id, route_id) VALUES (5, 1);
INSERT INTO drug_types_administration_routes (type_id, route_id) VALUES (5, 2);
INSERT INTO drug_types_administration_routes (type_id, route_id) VALUES (2, 2);
INSERT INTO drug_types_administration_routes (type_id, route_id) VALUES (1, 1);
INSERT INTO drug_types_administration_routes (type_id, route_id) VALUES (3, 1);
INSERT INTO drug_types_administration_routes (type_id, route_id) VALUES (3, 2);

INSERT INTO prescriptions (id, diagnosis, patient_id, doctor_id, date) VALUES (53, 'Carpe diem. Ловите момент, мальчики. Сделайте свою жизнь экстраординарной', 67, 6, '2019-06-21');
INSERT INTO prescriptions (id, diagnosis, patient_id, doctor_id, date) VALUES (121, 'Erlang — функциональный язык программирования с сильной динамической типизацией, предназначенный для создания распределённых вычислительных систем.', 91, 4, '2020-05-16');
INSERT INTO prescriptions (id, diagnosis, patient_id, doctor_id, date) VALUES (58, 'Erlang был целенаправленно разработан для применения в распределённых, отказоустойчивых, параллельных системах реального времени, для которых кроме средств самого языка имеется стандартная библиотека модулей и библиотека шаблонных решений (так называемых поведений) — фреймворк OTP.', 56, 9, '2020-03-16');
INSERT INTO prescriptions (id, diagnosis, patient_id, doctor_id, date) VALUES (34, 'Erlang применяется в нескольких NoSQL-базах данных высокой доступности.', 10, 5, '2020-11-21');
INSERT INTO prescriptions (id, diagnosis, patient_id, doctor_id, date) VALUES (73, 'Erlang является декларативным языком программирования, который скорее используется для описания того, что должно быть вычислено нежели как.', 51, 10, '2020-05-11');
INSERT INTO prescriptions (id, diagnosis, patient_id, doctor_id, date) VALUES (47, 'Haskell — стандартизированный чистый функциональный язык программирования общего назначения.', 43, 8, '2019-01-19');
INSERT INTO prescriptions (id, diagnosis, patient_id, doctor_id, date) VALUES (52, 'Haskell — стандартизированный чистый функциональный язык программирования общего назначения.', 94, 5, '2020-02-17');
INSERT INTO prescriptions (id, diagnosis, patient_id, doctor_id, date) VALUES (145, 'Java — строго типизированный объектно-ориентированный язык программирования, разработанный компанией Sun Microsystems.', 10, 5, '2019-04-17');
INSERT INTO prescriptions (id, diagnosis, patient_id, doctor_id, date) VALUES (147, 'Java — строго типизированный объектно-ориентированный язык программирования, разработанный компанией Sun Microsystems.', 15, 4, '2020-12-18');
INSERT INTO prescriptions (id, diagnosis, patient_id, doctor_id, date) VALUES (3, 'Java — строго типизированный объектно-ориентированный язык программирования, разработанный компанией Sun Microsystems.', 97, 8, '2019-10-24');
INSERT INTO prescriptions (id, diagnosis, patient_id, doctor_id, date) VALUES (66, 'Python — высокоуровневый язык программирования общего назначения, ориентированный на повышение производительности разработчика и читаемости кода.', 53, 8, '2020-06-09');
INSERT INTO prescriptions (id, diagnosis, patient_id, doctor_id, date) VALUES (100, 'Python — высокоуровневый язык программирования общего назначения, ориентированный на повышение производительности разработчика и читаемости кода.', 72, 3, '2019-05-20');
INSERT INTO prescriptions (id, diagnosis, patient_id, doctor_id, date) VALUES (14, 'Python — высокоуровневый язык программирования общего назначения, ориентированный на повышение производительности разработчика и читаемости кода.', 77, 8, '2020-11-09');
INSERT INTO prescriptions (id, diagnosis, patient_id, doctor_id, date) VALUES (89, 'Python — высокоуровневый язык программирования общего назначения, ориентированный на повышение производительности разработчика и читаемости кода.', 89, 5, '2020-10-15');
INSERT INTO prescriptions (id, diagnosis, patient_id, doctor_id, date) VALUES (134, 'Python поддерживает несколько парадигм программирования, в том числе структурное, объектно-ориентированное, функциональное, императивное и аспектно-ориентированное.', 32, 2, '2020-01-16');
INSERT INTO prescriptions (id, diagnosis, patient_id, doctor_id, date) VALUES (85, 'Python поддерживает несколько парадигм программирования, в том числе структурное, объектно-ориентированное, функциональное, императивное и аспектно-ориентированное.', 37, 4, '2020-09-02');
INSERT INTO prescriptions (id, diagnosis, patient_id, doctor_id, date) VALUES (44, 'REPL — форма организации простой интерактивной среды программирования в рамках средств интерфейса командной строки.', 23, 5, '2019-07-01');
INSERT INTO prescriptions (id, diagnosis, patient_id, doctor_id, date) VALUES (78, 'REPL — форма организации простой интерактивной среды программирования в рамках средств интерфейса командной строки.', 28, 8, '2019-07-04');
INSERT INTO prescriptions (id, diagnosis, patient_id, doctor_id, date) VALUES (5, 'REPL — форма организации простой интерактивной среды программирования в рамках средств интерфейса командной строки.', 49, 4, '2020-03-07');
INSERT INTO prescriptions (id, diagnosis, patient_id, doctor_id, date) VALUES (93, 'атмосфера уложить древний рубаха сосна создание мода слева временный дурак', 45, 5, '2019-01-09');
INSERT INTO prescriptions (id, diagnosis, patient_id, doctor_id, date) VALUES (86, 'биография бык значить превратить долго поначалу следующий заглядывать хата поделать', 99, 3, '2020-01-01');
INSERT INTO prescriptions (id, diagnosis, patient_id, doctor_id, date) VALUES (1, 'Бонд. Джеймс Бонд', 27, 2, '2019-03-10');
INSERT INTO prescriptions (id, diagnosis, patient_id, doctor_id, date) VALUES (87, 'Бонд. Джеймс Бонд', 52, 4, '2019-02-15');
INSERT INTO prescriptions (id, diagnosis, patient_id, doctor_id, date) VALUES (122, 'В данном случае мы имеем отсутствие взаимопонимания', 27, 8, '2019-12-02');
INSERT INTO prescriptions (id, diagnosis, patient_id, doctor_id, date) VALUES (41, 'В конце концов, завтра — другой день!', 88, 7, '2019-07-14');
INSERT INTO prescriptions (id, diagnosis, patient_id, doctor_id, date) VALUES (144, 'В то же время стандартная библиотека включает большой объём полезных функций.', 30, 1, '2019-10-30');
INSERT INTO prescriptions (id, diagnosis, patient_id, doctor_id, date) VALUES (149, 'В то же время стандартная библиотека включает большой объём полезных функций.', 62, 10, '2020-09-21');
INSERT INTO prescriptions (id, diagnosis, patient_id, doctor_id, date) VALUES (64, 'В то же время стандартная библиотека включает большой объём полезных функций.', 70, 10, '2019-07-12');
INSERT INTO prescriptions (id, diagnosis, patient_id, doctor_id, date) VALUES (103, 'Валяй, порадуй меня!', 87, 9, '2019-01-16');
INSERT INTO prescriptions (id, diagnosis, patient_id, doctor_id, date) VALUES (92, 'вести факт комната случайно справа звук', 75, 4, '2019-03-15');
INSERT INTO prescriptions (id, diagnosis, patient_id, doctor_id, date) VALUES (104, 'вор обидеться догадываться господь мороз событие расстаться напоминать гот', 100, 7, '2020-07-07');
INSERT INTO prescriptions (id, diagnosis, patient_id, doctor_id, date) VALUES (46, 'воспользоваться занять архив абсолютно железнодорожный воображение неделя мудрый', 1, 9, '2020-12-07');
INSERT INTO prescriptions (id, diagnosis, patient_id, doctor_id, date) VALUES (25, 'восстановить нормальный погода ведро подоконник', 47, 8, '2019-01-11');
INSERT INTO prescriptions (id, diagnosis, patient_id, doctor_id, date) VALUES (31, 'Вы знаете как свистеть, не так ли, Стив? Вы просто соединяете губы и дуете', 62, 3, '2020-12-21');
INSERT INTO prescriptions (id, diagnosis, patient_id, doctor_id, date) VALUES (76, 'Господа, Вы не можете драться здесь. Это — Военная Комната!', 24, 8, '2019-09-10');
INSERT INTO prescriptions (id, diagnosis, patient_id, doctor_id, date) VALUES (142, 'Господа, Вы не можете драться здесь. Это — Военная Комната!', 95, 9, '2020-02-17');
INSERT INTO prescriptions (id, diagnosis, patient_id, doctor_id, date) VALUES (132, 'дворец книжка печально структура съезд', 2, 6, '2019-04-26');
INSERT INTO prescriptions (id, diagnosis, patient_id, doctor_id, date) VALUES (112, 'добрый заставить принцип разбираться', 24, 5, '2020-02-20');
INSERT INTO prescriptions (id, diagnosis, patient_id, doctor_id, date) VALUES (63, 'догадываться орать проверить поступать', 19, 3, '2019-02-28');
INSERT INTO prescriptions (id, diagnosis, patient_id, doctor_id, date) VALUES (111, 'доклад книжка ветер включать себя погаснуть плыть мудрый пускать', 92, 2, '2020-07-16');
INSERT INTO prescriptions (id, diagnosis, patient_id, doctor_id, date) VALUES (21, 'доложить течь рев остаток мощный над стремительно ум заработать академия', 46, 3, '2020-09-23');
INSERT INTO prescriptions (id, diagnosis, patient_id, doctor_id, date) VALUES (27, 'дуб даль москва многие февраль номер искусство', 39, 6, '2019-05-28');
INSERT INTO prescriptions (id, diagnosis, patient_id, doctor_id, date) VALUES (119, 'загадочный рубеж всеобщий пулемет милый спортивный договор пока метр', 86, 9, '2019-05-31');
INSERT INTO prescriptions (id, diagnosis, patient_id, doctor_id, date) VALUES (80, 'заседание закончиться болезнь нога вагон', 66, 7, '2019-08-05');
INSERT INTO prescriptions (id, diagnosis, patient_id, doctor_id, date) VALUES (136, 'Инопланетянин звонить домой', 82, 2, '2020-06-20');
INSERT INTO prescriptions (id, diagnosis, patient_id, doctor_id, date) VALUES (99, 'исчезнуть идея младший убийство телефон радость бумага тень', 12, 4, '2019-07-20');
INSERT INTO prescriptions (id, diagnosis, patient_id, doctor_id, date) VALUES (127, 'кандидат информация лысый полотенце ценный соответственно вздыхать естественный любопытство зимний', 59, 8, '2019-01-12');
INSERT INTO prescriptions (id, diagnosis, patient_id, doctor_id, date) VALUES (24, 'кивнуть выдавать трудовой столичный сынок вчерашний достигать', 18, 3, '2020-04-11');
INSERT INTO prescriptions (id, diagnosis, patient_id, doctor_id, date) VALUES (36, 'книжный нога литературный застать строго столетие бюджет', 15, 1, '2020-02-04');
INSERT INTO prescriptions (id, diagnosis, patient_id, doctor_id, date) VALUES (124, 'комната выиграть дойти например перед пациент обойти', 65, 8, '2019-05-05');
INSERT INTO prescriptions (id, diagnosis, patient_id, doctor_id, date) VALUES (97, 'коротко доходить собака человеческий', 93, 10, '2019-01-08');
INSERT INTO prescriptions (id, diagnosis, patient_id, doctor_id, date) VALUES (8, 'Ла-дии-да, ла-дии-да', 58, 2, '2020-07-22');
INSERT INTO prescriptions (id, diagnosis, patient_id, doctor_id, date) VALUES (19, 'Ла-дии-да, ла-дии-да', 74, 2, '2020-09-23');
INSERT INTO prescriptions (id, diagnosis, patient_id, doctor_id, date) VALUES (23, 'Луи, мне кажется, это начало прекрасной дружбы', 61, 2, '2019-02-07');
INSERT INTO prescriptions (id, diagnosis, patient_id, doctor_id, date) VALUES (146, 'Любовь — это когда не нужно просить прощения', 2, 10, '2020-04-02');
INSERT INTO prescriptions (id, diagnosis, patient_id, doctor_id, date) VALUES (7, 'Любовь — это когда не нужно просить прощения', 3, 10, '2019-08-06');
INSERT INTO prescriptions (id, diagnosis, patient_id, doctor_id, date) VALUES (59, 'Любовь — это когда не нужно просить прощения', 55, 8, '2020-03-30');
INSERT INTO prescriptions (id, diagnosis, patient_id, doctor_id, date) VALUES (17, 'майор веселый знак крайний ставить незнакомый', 31, 8, '2019-08-03');
INSERT INTO prescriptions (id, diagnosis, patient_id, doctor_id, date) VALUES (51, 'мелочь племя получиться подвал аппетит', 48, 8, '2019-09-08');
INSERT INTO prescriptions (id, diagnosis, patient_id, doctor_id, date) VALUES (16, 'Миссис Робинсон, вы пытаетесь меня соблазнить, не так ли?', 14, 3, '2020-05-23');
INSERT INTO prescriptions (id, diagnosis, patient_id, doctor_id, date) VALUES (2, 'Мне — то же, что и ей', 20, 10, '2020-11-15');
INSERT INTO prescriptions (id, diagnosis, patient_id, doctor_id, date) VALUES (143, 'Мне — то же, что и ей', 96, 6, '2019-12-09');
INSERT INTO prescriptions (id, diagnosis, patient_id, doctor_id, date) VALUES (98, 'Моя мама всегда говорила: «Жизнь как коробка шоколадных конфет: никогда не знаешь, какая начинка тебе попадётся»', 65, 3, '2019-07-09');
INSERT INTO prescriptions (id, diagnosis, patient_id, doctor_id, date) VALUES (96, 'Моя прелесть', 26, 4, '2019-04-12');
INSERT INTO prescriptions (id, diagnosis, patient_id, doctor_id, date) VALUES (82, 'Нагрудные знаки? Нет у нас никаких знаков! Не нужны нам никаких знаков! Я не должен показывать вам никакие чёртовы знаки!', 80, 2, '2020-01-11');
INSERT INTO prescriptions (id, diagnosis, patient_id, doctor_id, date) VALUES (109, 'назначение многие вздохнуть исключить летать тревога разведчик проволока спичка вход', 82, 3, '2020-10-17');
INSERT INTO prescriptions (id, diagnosis, patient_id, doctor_id, date) VALUES (56, 'наличие вырасти будущий отобрать ребенок протягивать надежда замуж', 32, 3, '2019-04-09');
INSERT INTO prescriptions (id, diagnosis, patient_id, doctor_id, date) VALUES (30, 'Например, определение функции, которое использует сопоставление с образцом, для выбора одного из вариантов вычисления или извлечения элемента данных из составной структуры, напоминает уравнение.', 17, 1, '2019-12-16');
INSERT INTO prescriptions (id, diagnosis, patient_id, doctor_id, date) VALUES (45, 'Например, определение функции, которое использует сопоставление с образцом, для выбора одного из вариантов вычисления или извлечения элемента данных из составной структуры, напоминает уравнение.', 68, 3, '2019-12-14');
INSERT INTO prescriptions (id, diagnosis, patient_id, doctor_id, date) VALUES (67, 'нарушать отдать волос хозяйство научиться виза', 98, 3, '2020-03-07');
INSERT INTO prescriptions (id, diagnosis, patient_id, doctor_id, date) VALUES (13, 'несчастье вставить офицер тыл велосипед', 42, 9, '2019-10-23');
INSERT INTO prescriptions (id, diagnosis, patient_id, doctor_id, date) VALUES (125, 'Нет ничего лучше, чем быть дома', 65, 5, '2020-01-11');
INSERT INTO prescriptions (id, diagnosis, patient_id, doctor_id, date) VALUES (61, 'Никто не плачет в бейсболе!', 44, 5, '2019-08-05');
INSERT INTO prescriptions (id, diagnosis, patient_id, doctor_id, date) VALUES (35, 'Никто не плачет в бейсболе!', 76, 9, '2020-11-25');
INSERT INTO prescriptions (id, diagnosis, patient_id, doctor_id, date) VALUES (118, 'Ну, вот ещё одна неприятность, в которую ты меня втянул!', 80, 7, '2020-11-08');
INSERT INTO prescriptions (id, diagnosis, patient_id, doctor_id, date) VALUES (138, 'О, Джерри, давай не мечтать о луне: у нас есть звезды', 6, 1, '2019-03-12');
INSERT INTO prescriptions (id, diagnosis, patient_id, doctor_id, date) VALUES (135, 'О, нет, это не самолёты. Это Красота убила Чудовище.', 25, 7, '2019-12-22');
INSERT INTO prescriptions (id, diagnosis, patient_id, doctor_id, date) VALUES (81, 'О, нет, это не самолёты. Это Красота убила Чудовище.', 85, 5, '2020-04-04');
INSERT INTO prescriptions (id, diagnosis, patient_id, doctor_id, date) VALUES (133, 'одинаковый жар тоже вытереть готовить бой девочка рассвет', 24, 8, '2019-06-20');
INSERT INTO prescriptions (id, diagnosis, patient_id, doctor_id, date) VALUES (128, 'Одним утром я подстрелил слона в собственной пижаме. Как он оказался в моей пижаме, я не знаю', 58, 9, '2019-12-22');
INSERT INTO prescriptions (id, diagnosis, patient_id, doctor_id, date) VALUES (120, 'осветить грозный глазок неправильный курсант зимний помнить воздействие', 54, 9, '2019-07-22');
INSERT INTO prescriptions (id, diagnosis, patient_id, doctor_id, date) VALUES (4, 'отдел показывать заметно советник', 90, 2, '2019-09-25');
INSERT INTO prescriptions (id, diagnosis, patient_id, doctor_id, date) VALUES (79, 'отказываться бледный рано удивить совершить', 64, 4, '2020-02-19');
INSERT INTO prescriptions (id, diagnosis, patient_id, doctor_id, date) VALUES (33, 'Отличительная черта языка — серьёзное отношение к типизации.', 35, 4, '2019-09-07');
INSERT INTO prescriptions (id, diagnosis, patient_id, doctor_id, date) VALUES (26, 'Парадигма программирования — это совокупность идей и понятий, определяющих стиль написания компьютерных программ.', 25, 9, '2019-02-26');
INSERT INTO prescriptions (id, diagnosis, patient_id, doctor_id, date) VALUES (9, 'подлинный приниматься выиграть операция помолчать докладывать отличный пожарный война понятно', 11, 3, '2020-03-02');
INSERT INTO prescriptions (id, diagnosis, patient_id, doctor_id, date) VALUES (126, 'пожарный заполнить губернатор кость', 76, 1, '2020-07-12');
INSERT INTO prescriptions (id, diagnosis, patient_id, doctor_id, date) VALUES (18, 'поймать мистер матрос полностью победить немецкий побывать', 91, 8, '2019-04-27');
INSERT INTO prescriptions (id, diagnosis, patient_id, doctor_id, date) VALUES (57, 'Покажи мне деньги!', 21, 6, '2019-06-29');
INSERT INTO prescriptions (id, diagnosis, patient_id, doctor_id, date) VALUES (130, 'полностью никто шестьдесят многочисленный восемь висеть над нарушить благодаря суд', 48, 4, '2019-05-18');
INSERT INTO prescriptions (id, diagnosis, patient_id, doctor_id, date) VALUES (69, 'Полнотиповое программирование — стиль программирования, отличающийся обширным использованием информации о типах с тем, чтобы механизм проверки согласования типов обеспечил раннее выявление максимального количества всевозможных разновидностей багов.', 22, 8, '2019-02-21');
INSERT INTO prescriptions (id, diagnosis, patient_id, doctor_id, date) VALUES (11, 'Полнотиповое программирование может поддерживаться на уровне системы типов языка или вводиться программистом идиоматически.', 7, 10, '2020-08-09');
INSERT INTO prescriptions (id, diagnosis, patient_id, doctor_id, date) VALUES (62, 'Полнотиповое программирование может поддерживаться на уровне системы типов языка или вводиться программистом идиоматически.', 9, 1, '2020-06-17');
INSERT INTO prescriptions (id, diagnosis, patient_id, doctor_id, date) VALUES (105, 'Полнотиповое программирование может поддерживаться на уровне системы типов языка или вводиться программистом идиоматически.', 42, 8, '2019-08-11');
INSERT INTO prescriptions (id, diagnosis, patient_id, doctor_id, date) VALUES (60, 'Полнотиповое программирование может поддерживаться на уровне системы типов языка или вводиться программистом идиоматически.', 60, 10, '2019-09-02');
INSERT INTO prescriptions (id, diagnosis, patient_id, doctor_id, date) VALUES (140, 'Полнотиповое программирование может поддерживаться на уровне системы типов языка или вводиться программистом идиоматически.', 68, 8, '2020-03-27');
INSERT INTO prescriptions (id, diagnosis, patient_id, doctor_id, date) VALUES (10, 'Полнотиповое программирование может поддерживаться на уровне системы типов языка или вводиться программистом идиоматически.', 87, 5, '2020-04-19');
INSERT INTO prescriptions (id, diagnosis, patient_id, doctor_id, date) VALUES (28, 'понять дурной экономический произведение дочь', 50, 6, '2019-03-08');
INSERT INTO prescriptions (id, diagnosis, patient_id, doctor_id, date) VALUES (72, 'Построй, и они придут', 40, 10, '2019-01-04');
INSERT INTO prescriptions (id, diagnosis, patient_id, doctor_id, date) VALUES (15, 'Почему бы вам как-нибудь не прийти и не навестить меня?', 6, 10, '2020-02-10');
INSERT INTO prescriptions (id, diagnosis, patient_id, doctor_id, date) VALUES (107, 'представляться качать ссср слух задуматься народ непонятно юмор алый', 78, 2, '2020-02-28');
INSERT INTO prescriptions (id, diagnosis, patient_id, doctor_id, date) VALUES (20, 'Прекращай это!', 8, 2, '2020-06-18');
INSERT INTO prescriptions (id, diagnosis, patient_id, doctor_id, date) VALUES (29, 'Прекращай это!', 30, 2, '2019-09-13');
INSERT INTO prescriptions (id, diagnosis, patient_id, doctor_id, date) VALUES (150, 'Прекращай это!', 69, 6, '2019-05-15');
INSERT INTO prescriptions (id, diagnosis, patient_id, doctor_id, date) VALUES (141, 'преступник справиться перенести кончаться состояться положить страшно', 93, 5, '2019-09-02');
INSERT INTO prescriptions (id, diagnosis, patient_id, doctor_id, date) VALUES (42, 'привыкнуть спасение больной гость печально правый поверхность политический виза легкое', 4, 10, '2019-04-20');
INSERT INTO prescriptions (id, diagnosis, patient_id, doctor_id, date) VALUES (40, 'присутствие совершенный корея уснуть занятый', 63, 8, '2020-03-06');
INSERT INTO prescriptions (id, diagnosis, patient_id, doctor_id, date) VALUES (83, 'противоположный знать сосуд начинаться верхний благодарность бред требоваться заранее', 73, 3, '2019-11-13');
INSERT INTO prescriptions (id, diagnosis, patient_id, doctor_id, date) VALUES (148, 'Разработан и поддерживается компанией Ericsson.', 21, 5, '2019-10-24');
INSERT INTO prescriptions (id, diagnosis, patient_id, doctor_id, date) VALUES (123, 'реклама сомнение уголок ниже реформа танк италия май настроение рот', 71, 10, '2020-12-14');
INSERT INTO prescriptions (id, diagnosis, patient_id, doctor_id, date) VALUES (54, 'Розовый бутон (или бутон розы)', 69, 6, '2019-03-28');
INSERT INTO prescriptions (id, diagnosis, patient_id, doctor_id, date) VALUES (129, 'Свой синтаксис и некоторые концепции Erlang унаследовал от языка логического программирования Пролог.', 47, 3, '2020-04-07');
INSERT INTO prescriptions (id, diagnosis, patient_id, doctor_id, date) VALUES (131, 'Свой синтаксис и некоторые концепции Erlang унаследовал от языка логического программирования Пролог.', 75, 9, '2019-07-08');
INSERT INTO prescriptions (id, diagnosis, patient_id, doctor_id, date) VALUES (88, 'Свой синтаксис и некоторые концепции Erlang унаследовал от языка логического программирования Пролог.', 95, 7, '2019-07-22');
INSERT INTO prescriptions (id, diagnosis, patient_id, doctor_id, date) VALUES (55, 'сегодня остановка избавиться культура гитара снимать подбородок палатка', 13, 9, '2019-05-31');
INSERT INTO prescriptions (id, diagnosis, patient_id, doctor_id, date) VALUES (117, 'Сегодня я считаю себя самым удачливым человеком на земле', 86, 1, '2020-12-13');
INSERT INTO prescriptions (id, diagnosis, patient_id, doctor_id, date) VALUES (102, 'Сопоставление с образцом распространено даже на битовые строки, что упрощает реализацию телекоммуникационных протоколов.', 39, 5, '2020-02-03');
INSERT INTO prescriptions (id, diagnosis, patient_id, doctor_id, date) VALUES (74, 'Сопоставление с образцом распространено даже на битовые строки, что упрощает реализацию телекоммуникационных протоколов.', 79, 8, '2020-11-08');
INSERT INTO prescriptions (id, diagnosis, patient_id, doctor_id, date) VALUES (84, 'Стелла! Эй, Стелла!', 96, 10, '2019-05-02');
INSERT INTO prescriptions (id, diagnosis, patient_id, doctor_id, date) VALUES (75, 'Сыграй это, Сэм. Сыграй \'As Time Goes By.\' (Сыграй, Сэм, сыграй… “В память о былых временах”)', 84, 9, '2020-01-04');
INSERT INTO prescriptions (id, diagnosis, patient_id, doctor_id, date) VALUES (91, 'тарелка шинель доставить ниже обратно каюта найти здравствовать порог папироса', 54, 7, '2020-09-08');
INSERT INTO prescriptions (id, diagnosis, patient_id, doctor_id, date) VALUES (101, 'То, из чего сделаны мечты', 30, 5, '2019-09-04');
INSERT INTO prescriptions (id, diagnosis, patient_id, doctor_id, date) VALUES (114, 'транспорт уехать выбраться женить книжный заявление тайна', 94, 10, '2019-06-14');
INSERT INTO prescriptions (id, diagnosis, patient_id, doctor_id, date) VALUES (48, 'Ты должен задать себе один вопрос: «Повезёт ли мне?» Ну что, повезёт, подонок?', 82, 6, '2020-07-14');
INSERT INTO prescriptions (id, diagnosis, patient_id, doctor_id, date) VALUES (39, 'фонарь российский юный осенний', 59, 7, '2019-01-08');
INSERT INTO prescriptions (id, diagnosis, patient_id, doctor_id, date) VALUES (49, 'функция рог скучно поделать радость сосед килограмм таковой зависимость', 5, 10, '2020-05-19');
INSERT INTO prescriptions (id, diagnosis, patient_id, doctor_id, date) VALUES (65, 'холм заняться добыча март', 34, 5, '2020-11-18');
INSERT INTO prescriptions (id, diagnosis, patient_id, doctor_id, date) VALUES (50, 'Хорошо, г-н Демилль, я готова для крупного плана', 33, 5, '2020-03-15');
INSERT INTO prescriptions (id, diagnosis, patient_id, doctor_id, date) VALUES (106, 'хоть помолчать бормотать простой радостный закрытый подавать', 80, 9, '2020-01-29');
INSERT INTO prescriptions (id, diagnosis, patient_id, doctor_id, date) VALUES (94, 'Хьюстон, у нас проблема', 2, 10, '2019-07-10');
INSERT INTO prescriptions (id, diagnosis, patient_id, doctor_id, date) VALUES (43, 'Хьюстон, у нас проблема', 29, 3, '2020-09-01');
INSERT INTO prescriptions (id, diagnosis, patient_id, doctor_id, date) VALUES (137, 'Что ж, у каждого свои недостатки', 34, 3, '2020-02-02');
INSERT INTO prescriptions (id, diagnosis, patient_id, doctor_id, date) VALUES (139, 'Это способ концептуализации, определяющий организацию вычислений и структурирование работы, выполняемой компьютером.', 55, 8, '2020-05-18');
INSERT INTO prescriptions (id, diagnosis, patient_id, doctor_id, date) VALUES (108, 'Это способ концептуализации, определяющий организацию вычислений и структурирование работы, выполняемой компьютером.', 77, 4, '2019-04-02');
INSERT INTO prescriptions (id, diagnosis, patient_id, doctor_id, date) VALUES (68, 'Это способ концептуализации, определяющий организацию вычислений и структурирование работы, выполняемой компьютером.', 83, 4, '2019-09-13');
INSERT INTO prescriptions (id, diagnosis, patient_id, doctor_id, date) VALUES (110, 'Я была твоя уже на «здрасьте»', 61, 9, '2020-03-21');
INSERT INTO prescriptions (id, diagnosis, patient_id, doctor_id, date) VALUES (113, 'Я вернусь', 25, 8, '2020-06-28');
INSERT INTO prescriptions (id, diagnosis, patient_id, doctor_id, date) VALUES (115, 'Я вернусь', 75, 1, '2020-11-14');
INSERT INTO prescriptions (id, diagnosis, patient_id, doctor_id, date) VALUES (32, 'Я вернусь', 92, 5, '2020-01-09');
INSERT INTO prescriptions (id, diagnosis, patient_id, doctor_id, date) VALUES (38, 'Я вижу мёртвых людей', 38, 8, '2019-08-22');
INSERT INTO prescriptions (id, diagnosis, patient_id, doctor_id, date) VALUES (12, 'Я и есть великая звезда, просто фильмы стали маленькими', 78, 3, '2020-03-05');
INSERT INTO prescriptions (id, diagnosis, patient_id, doctor_id, date) VALUES (22, 'Я чувствую жажду — жажду скорости!', 86, 7, '2020-10-22');
INSERT INTO prescriptions (id, diagnosis, patient_id, doctor_id, date) VALUES (116, 'Является одним из самых распространённых языков программирования с поддержкой отложенных вычислений.', 40, 6, '2019-07-07');
INSERT INTO prescriptions (id, diagnosis, patient_id, doctor_id, date) VALUES (71, 'Является одним из самых распространённых языков программирования с поддержкой отложенных вычислений.', 71, 7, '2020-02-28');
INSERT INTO prescriptions (id, diagnosis, patient_id, doctor_id, date) VALUES (37, 'Является одним из самых распространённых языков программирования с поддержкой отложенных вычислений.', 81, 3, '2020-05-27');
INSERT INTO prescriptions (id, diagnosis, patient_id, doctor_id, date) VALUES (6, 'Язык включает в себя средства порождения параллельных легковесных процессов и их взаимодействия через обмен асинхронными сообщениями в соответствии с моделью акторов.', 16, 2, '2020-03-15');
INSERT INTO prescriptions (id, diagnosis, patient_id, doctor_id, date) VALUES (90, 'Язык включает в себя средства порождения параллельных легковесных процессов и их взаимодействия через обмен асинхронными сообщениями в соответствии с моделью акторов.', 36, 1, '2020-05-27');
INSERT INTO prescriptions (id, diagnosis, patient_id, doctor_id, date) VALUES (70, 'Язык включает в себя средства порождения параллельных легковесных процессов и их взаимодействия через обмен асинхронными сообщениями в соответствии с моделью акторов.', 41, 5, '2020-06-05');
INSERT INTO prescriptions (id, diagnosis, patient_id, doctor_id, date) VALUES (95, 'Язык включает в себя средства порождения параллельных легковесных процессов и их взаимодействия через обмен асинхронными сообщениями в соответствии с моделью акторов.', 57, 10, '2020-09-10');
INSERT INTO prescriptions (id, diagnosis, patient_id, doctor_id, date) VALUES (77, 'Язык включает в себя средства порождения параллельных легковесных процессов и их взаимодействия через обмен асинхронными сообщениями в соответствии с моделью акторов.', 100, 2, '2020-07-27');

INSERT INTO orders (id, prescription_id, registration_datetime, appointed_datetime, obtaining_datetime, paid, customer_id) VALUES (1, 102, '2023-08-16 17:45:03', '2023-11-08 22:24:33', null, 1, 1);
INSERT INTO orders (id, prescription_id, registration_datetime, appointed_datetime, obtaining_datetime, paid, customer_id) VALUES (2, 9, '2023-03-19 16:53:59', '2023-07-26 17:32:33', null, 1, 2);
INSERT INTO orders (id, prescription_id, registration_datetime, appointed_datetime, obtaining_datetime, paid, customer_id) VALUES (3, 96, '2023-02-02 16:17:00', '2023-09-13 09:42:04', null, 0, 34);
INSERT INTO orders (id, prescription_id, registration_datetime, appointed_datetime, obtaining_datetime, paid, customer_id) VALUES (4, 63, '2023-06-13 02:40:53', null, null, 0, 6);
INSERT INTO orders (id, prescription_id, registration_datetime, appointed_datetime, obtaining_datetime, paid, customer_id) VALUES (5, 46, '2023-02-13 20:18:06', null, null, 0, 31);
INSERT INTO orders (id, prescription_id, registration_datetime, appointed_datetime, obtaining_datetime, paid, customer_id) VALUES (6, 131, '2023-08-25 15:52:46', '2023-12-17 19:54:25', null, 0, 9);
INSERT INTO orders (id, prescription_id, registration_datetime, appointed_datetime, obtaining_datetime, paid, customer_id) VALUES (7, 80, '2023-06-10 17:54:35', '2023-10-08 10:35:55', null, 1, 35);
INSERT INTO orders (id, prescription_id, registration_datetime, appointed_datetime, obtaining_datetime, paid, customer_id) VALUES (8, 96, '2023-02-19 06:06:08', null, null, 0, 26);
INSERT INTO orders (id, prescription_id, registration_datetime, appointed_datetime, obtaining_datetime, paid, customer_id) VALUES (9, 37, '2023-12-02 18:25:40', '2023-12-03 01:53:37', null, 0, 1);
INSERT INTO orders (id, prescription_id, registration_datetime, appointed_datetime, obtaining_datetime, paid, customer_id) VALUES (10, 109, '2023-08-26 07:34:03', '2023-12-14 01:45:46', null, 0, 13);
INSERT INTO orders (id, prescription_id, registration_datetime, appointed_datetime, obtaining_datetime, paid, customer_id) VALUES (11, 43, '2023-03-06 07:18:18', null, null, 0, 49);
INSERT INTO orders (id, prescription_id, registration_datetime, appointed_datetime, obtaining_datetime, paid, customer_id) VALUES (12, 126, '2023-06-30 12:07:34', '2023-06-30 12:07:34', '2023-06-30 12:07:34', 1, null);
INSERT INTO orders (id, prescription_id, registration_datetime, appointed_datetime, obtaining_datetime, paid, customer_id) VALUES (13, 42, '2023-09-21 14:29:54', null, null, 0, 38);
INSERT INTO orders (id, prescription_id, registration_datetime, appointed_datetime, obtaining_datetime, paid, customer_id) VALUES (14, 80, '2023-10-18 10:27:30', null, null, 0, 34);
INSERT INTO orders (id, prescription_id, registration_datetime, appointed_datetime, obtaining_datetime, paid, customer_id) VALUES (15, 49, '2023-12-11 05:41:12', '2023-12-11 05:41:12', '2023-12-11 05:41:12', 1, null);
INSERT INTO orders (id, prescription_id, registration_datetime, appointed_datetime, obtaining_datetime, paid, customer_id) VALUES (16, 71, '2023-02-21 05:55:13', null, null, 0, 37);
INSERT INTO orders (id, prescription_id, registration_datetime, appointed_datetime, obtaining_datetime, paid, customer_id) VALUES (17, 36, '2023-06-23 14:05:57', null, null, 0, 54);
INSERT INTO orders (id, prescription_id, registration_datetime, appointed_datetime, obtaining_datetime, paid, customer_id) VALUES (18, 14, '2023-05-28 10:09:55', '2023-12-27 03:46:52', null, 1, 52);
INSERT INTO orders (id, prescription_id, registration_datetime, appointed_datetime, obtaining_datetime, paid, customer_id) VALUES (19, 22, '2023-02-16 05:22:24', '2023-03-03 21:27:39', null, 0, 52);
INSERT INTO orders (id, prescription_id, registration_datetime, appointed_datetime, obtaining_datetime, paid, customer_id) VALUES (20, 117, '2023-11-01 17:36:32', null, null, 0, 53);
INSERT INTO orders (id, prescription_id, registration_datetime, appointed_datetime, obtaining_datetime, paid, customer_id) VALUES (21, 22, '2023-11-24 03:10:28', '2023-12-16 06:33:07', null, 0, 1);
INSERT INTO orders (id, prescription_id, registration_datetime, appointed_datetime, obtaining_datetime, paid, customer_id) VALUES (22, 87, '2023-06-12 08:27:01', null, null, 0, 39);
INSERT INTO orders (id, prescription_id, registration_datetime, appointed_datetime, obtaining_datetime, paid, customer_id) VALUES (23, 25, '2023-02-09 06:30:03', '2023-06-28 11:10:15', '2023-07-01 16:23:07', 1, 20);
INSERT INTO orders (id, prescription_id, registration_datetime, appointed_datetime, obtaining_datetime, paid, customer_id) VALUES (24, 70, '2023-11-11 02:08:57', null, null, 0, 17);
INSERT INTO orders (id, prescription_id, registration_datetime, appointed_datetime, obtaining_datetime, paid, customer_id) VALUES (25, 143, '2023-06-08 10:03:40', '2023-09-05 15:31:31', null, 1, 42);
INSERT INTO orders (id, prescription_id, registration_datetime, appointed_datetime, obtaining_datetime, paid, customer_id) VALUES (26, 141, '2023-02-19 05:37:17', null, null, 0, 2);
INSERT INTO orders (id, prescription_id, registration_datetime, appointed_datetime, obtaining_datetime, paid, customer_id) VALUES (27, 32, '2023-07-18 05:20:32', '2023-11-22 19:32:17', null, 1, 45);
INSERT INTO orders (id, prescription_id, registration_datetime, appointed_datetime, obtaining_datetime, paid, customer_id) VALUES (28, 134, '2023-01-23 05:05:12', '2023-02-07 16:01:07', null, 1, 47);
INSERT INTO orders (id, prescription_id, registration_datetime, appointed_datetime, obtaining_datetime, paid, customer_id) VALUES (29, 17, '2023-04-03 00:08:28', '2023-04-03 00:08:28', null, 1, null);
INSERT INTO orders (id, prescription_id, registration_datetime, appointed_datetime, obtaining_datetime, paid, customer_id) VALUES (30, 66, '2023-05-04 01:01:03', '2023-10-26 07:05:52', null, 0, 40);
INSERT INTO orders (id, prescription_id, registration_datetime, appointed_datetime, obtaining_datetime, paid, customer_id) VALUES (31, 95, '2023-06-10 23:01:06', '2023-07-10 01:00:10', null, 1, 37);
INSERT INTO orders (id, prescription_id, registration_datetime, appointed_datetime, obtaining_datetime, paid, customer_id) VALUES (32, 125, '2023-09-06 11:08:17', null, null, 0, 20);
INSERT INTO orders (id, prescription_id, registration_datetime, appointed_datetime, obtaining_datetime, paid, customer_id) VALUES (33, 8, '2023-07-26 01:11:22', '2023-07-26 01:11:22', '2023-07-26 01:11:22', 1, null);
INSERT INTO orders (id, prescription_id, registration_datetime, appointed_datetime, obtaining_datetime, paid, customer_id) VALUES (34, 140, '2023-01-29 15:58:58', '2023-12-24 05:16:54', null, 0, 22);
INSERT INTO orders (id, prescription_id, registration_datetime, appointed_datetime, obtaining_datetime, paid, customer_id) VALUES (35, 47, '2023-07-13 05:05:41', null, null, 0, 13);
INSERT INTO orders (id, prescription_id, registration_datetime, appointed_datetime, obtaining_datetime, paid, customer_id) VALUES (36, 47, '2023-05-21 06:59:10', null, null, 0, 27);
INSERT INTO orders (id, prescription_id, registration_datetime, appointed_datetime, obtaining_datetime, paid, customer_id) VALUES (37, 27, '2023-03-30 12:48:41', '2023-05-23 19:55:02', null, 1, 38);
INSERT INTO orders (id, prescription_id, registration_datetime, appointed_datetime, obtaining_datetime, paid, customer_id) VALUES (38, 45, '2023-07-08 11:51:01', '2023-10-31 01:24:45', '2023-12-21 06:08:14', 1, 30);
INSERT INTO orders (id, prescription_id, registration_datetime, appointed_datetime, obtaining_datetime, paid, customer_id) VALUES (39, 65, '2023-09-21 19:31:01', null, null, 0, 20);
INSERT INTO orders (id, prescription_id, registration_datetime, appointed_datetime, obtaining_datetime, paid, customer_id) VALUES (40, 68, '2023-09-03 04:22:49', null, null, 0, 5);
INSERT INTO orders (id, prescription_id, registration_datetime, appointed_datetime, obtaining_datetime, paid, customer_id) VALUES (41, 59, '2023-07-29 22:34:17', null, null, 0, 37);
INSERT INTO orders (id, prescription_id, registration_datetime, appointed_datetime, obtaining_datetime, paid, customer_id) VALUES (42, 63, '2023-04-01 09:45:16', '2023-09-16 10:40:11', null, 0, 56);
INSERT INTO orders (id, prescription_id, registration_datetime, appointed_datetime, obtaining_datetime, paid, customer_id) VALUES (43, 117, '2023-09-15 19:15:53', '2023-11-28 05:37:21', null, 1, 48);
INSERT INTO orders (id, prescription_id, registration_datetime, appointed_datetime, obtaining_datetime, paid, customer_id) VALUES (44, 46, '2023-06-26 17:27:00', null, null, 0, 13);
INSERT INTO orders (id, prescription_id, registration_datetime, appointed_datetime, obtaining_datetime, paid, customer_id) VALUES (45, 4, '2023-10-27 08:55:08', null, null, 0, 40);
INSERT INTO orders (id, prescription_id, registration_datetime, appointed_datetime, obtaining_datetime, paid, customer_id) VALUES (46, 67, '2023-12-14 06:29:10', null, null, 0, 42);
INSERT INTO orders (id, prescription_id, registration_datetime, appointed_datetime, obtaining_datetime, paid, customer_id) VALUES (47, 70, '2023-05-04 02:26:20', '2023-12-21 03:15:46', '2023-12-29 00:14:50', 1, 14);
INSERT INTO orders (id, prescription_id, registration_datetime, appointed_datetime, obtaining_datetime, paid, customer_id) VALUES (48, 17, '2023-12-20 14:04:23', '2023-12-23 03:44:07', null, 0, 36);
INSERT INTO orders (id, prescription_id, registration_datetime, appointed_datetime, obtaining_datetime, paid, customer_id) VALUES (49, 65, '2023-07-23 04:29:22', '2023-07-23 04:29:22', '2023-07-23 04:29:22', 1, null);
INSERT INTO orders (id, prescription_id, registration_datetime, appointed_datetime, obtaining_datetime, paid, customer_id) VALUES (50, 41, '2023-12-12 00:46:26', '2023-12-12 00:46:26', '2023-12-12 00:46:26', 1, null);
INSERT INTO orders (id, prescription_id, registration_datetime, appointed_datetime, obtaining_datetime, paid, customer_id) VALUES (51, 44, '2023-11-20 02:33:36', null, null, 0, 59);
INSERT INTO orders (id, prescription_id, registration_datetime, appointed_datetime, obtaining_datetime, paid, customer_id) VALUES (52, 102, '2023-05-02 04:35:37', '2023-05-02 04:35:37', '2023-05-02 04:35:37', 1, null);
INSERT INTO orders (id, prescription_id, registration_datetime, appointed_datetime, obtaining_datetime, paid, customer_id) VALUES (53, 84, '2023-08-10 19:54:05', null, null, 0, 21);
INSERT INTO orders (id, prescription_id, registration_datetime, appointed_datetime, obtaining_datetime, paid, customer_id) VALUES (54, 137, '2023-09-16 19:33:54', '2023-09-16 19:33:54', '2023-09-16 19:33:54', 1, null);
INSERT INTO orders (id, prescription_id, registration_datetime, appointed_datetime, obtaining_datetime, paid, customer_id) VALUES (55, 79, '2023-05-15 22:36:52', null, null, 0, 56);
INSERT INTO orders (id, prescription_id, registration_datetime, appointed_datetime, obtaining_datetime, paid, customer_id) VALUES (56, 101, '2023-04-16 11:33:51', null, null, 0, 12);
INSERT INTO orders (id, prescription_id, registration_datetime, appointed_datetime, obtaining_datetime, paid, customer_id) VALUES (57, 44, '2023-03-03 04:16:28', '2023-03-03 04:16:28', '2023-03-03 04:16:28', 1, null);
INSERT INTO orders (id, prescription_id, registration_datetime, appointed_datetime, obtaining_datetime, paid, customer_id) VALUES (58, 131, '2023-07-12 01:37:28', '2023-07-12 01:37:28', null, 1, null);
INSERT INTO orders (id, prescription_id, registration_datetime, appointed_datetime, obtaining_datetime, paid, customer_id) VALUES (59, 81, '2023-02-02 22:01:34', null, null, 0, 40);
INSERT INTO orders (id, prescription_id, registration_datetime, appointed_datetime, obtaining_datetime, paid, customer_id) VALUES (60, 54, '2023-08-07 16:08:56', '2023-10-11 04:05:32', null, 0, 8);
INSERT INTO orders (id, prescription_id, registration_datetime, appointed_datetime, obtaining_datetime, paid, customer_id) VALUES (61, 4, '2023-01-29 18:57:22', null, null, 0, 36);
INSERT INTO orders (id, prescription_id, registration_datetime, appointed_datetime, obtaining_datetime, paid, customer_id) VALUES (62, 89, '2023-12-28 19:17:06', null, null, 0, 57);
INSERT INTO orders (id, prescription_id, registration_datetime, appointed_datetime, obtaining_datetime, paid, customer_id) VALUES (63, 34, '2023-01-04 04:01:47', null, null, 0, 53);
INSERT INTO orders (id, prescription_id, registration_datetime, appointed_datetime, obtaining_datetime, paid, customer_id) VALUES (64, 150, '2023-03-14 21:02:43', '2023-03-14 21:02:43', '2023-03-14 21:02:43', 1, null);
INSERT INTO orders (id, prescription_id, registration_datetime, appointed_datetime, obtaining_datetime, paid, customer_id) VALUES (65, 29, '2023-06-06 22:51:17', null, null, 0, 31);
INSERT INTO orders (id, prescription_id, registration_datetime, appointed_datetime, obtaining_datetime, paid, customer_id) VALUES (66, 42, '2023-01-26 00:41:37', null, null, 0, 49);
INSERT INTO orders (id, prescription_id, registration_datetime, appointed_datetime, obtaining_datetime, paid, customer_id) VALUES (67, 104, '2023-08-30 12:15:23', '2023-10-16 17:31:03', null, 0, 46);
INSERT INTO orders (id, prescription_id, registration_datetime, appointed_datetime, obtaining_datetime, paid, customer_id) VALUES (68, 54, '2023-01-21 10:46:35', '2023-05-28 03:59:17', null, 1, 50);
INSERT INTO orders (id, prescription_id, registration_datetime, appointed_datetime, obtaining_datetime, paid, customer_id) VALUES (69, 11, '2023-07-30 06:56:24', '2023-11-22 11:30:00', null, 1, 14);
INSERT INTO orders (id, prescription_id, registration_datetime, appointed_datetime, obtaining_datetime, paid, customer_id) VALUES (70, 37, '2023-03-12 03:51:18', '2023-03-12 03:51:18', '2023-03-12 03:51:18', 1, null);
INSERT INTO orders (id, prescription_id, registration_datetime, appointed_datetime, obtaining_datetime, paid, customer_id) VALUES (71, 4, '2023-10-31 18:54:37', null, null, 0, 8);
INSERT INTO orders (id, prescription_id, registration_datetime, appointed_datetime, obtaining_datetime, paid, customer_id) VALUES (72, 137, '2023-06-02 14:15:59', '2023-07-30 00:41:58', null, 1, 55);
INSERT INTO orders (id, prescription_id, registration_datetime, appointed_datetime, obtaining_datetime, paid, customer_id) VALUES (73, 19, '2023-07-07 06:51:54', null, null, 0, 11);
INSERT INTO orders (id, prescription_id, registration_datetime, appointed_datetime, obtaining_datetime, paid, customer_id) VALUES (74, 70, '2023-10-01 10:59:39', '2023-10-06 13:08:01', null, 1, 47);
INSERT INTO orders (id, prescription_id, registration_datetime, appointed_datetime, obtaining_datetime, paid, customer_id) VALUES (75, 3, '2023-01-08 06:15:34', '2023-05-04 20:58:45', null, 1, 41);
INSERT INTO orders (id, prescription_id, registration_datetime, appointed_datetime, obtaining_datetime, paid, customer_id) VALUES (76, 68, '2023-04-11 09:14:12', '2023-11-08 23:16:41', null, 1, 7);
INSERT INTO orders (id, prescription_id, registration_datetime, appointed_datetime, obtaining_datetime, paid, customer_id) VALUES (77, 64, '2023-08-11 12:03:45', '2023-08-11 12:03:45', '2023-08-11 12:03:45', 1, null);
INSERT INTO orders (id, prescription_id, registration_datetime, appointed_datetime, obtaining_datetime, paid, customer_id) VALUES (78, 19, '2023-09-13 09:32:19', '2023-10-19 09:18:04', null, 1, 57);
INSERT INTO orders (id, prescription_id, registration_datetime, appointed_datetime, obtaining_datetime, paid, customer_id) VALUES (79, 67, '2023-10-23 05:59:47', '2023-11-14 20:22:46', '2023-12-01 17:48:02', 1, 30);
INSERT INTO orders (id, prescription_id, registration_datetime, appointed_datetime, obtaining_datetime, paid, customer_id) VALUES (80, 109, '2023-07-25 16:17:32', '2023-07-25 16:17:32', '2023-07-25 16:17:32', 1, null);
INSERT INTO orders (id, prescription_id, registration_datetime, appointed_datetime, obtaining_datetime, paid, customer_id) VALUES (81, 90, '2023-12-30 00:24:48', null, null, 0, 11);
INSERT INTO orders (id, prescription_id, registration_datetime, appointed_datetime, obtaining_datetime, paid, customer_id) VALUES (82, 144, '2023-11-10 06:54:53', '2023-11-22 17:51:09', null, 1, 17);
INSERT INTO orders (id, prescription_id, registration_datetime, appointed_datetime, obtaining_datetime, paid, customer_id) VALUES (83, 37, '2023-08-01 00:07:23', null, null, 0, 27);
INSERT INTO orders (id, prescription_id, registration_datetime, appointed_datetime, obtaining_datetime, paid, customer_id) VALUES (84, 54, '2023-12-23 00:19:01', '2023-12-29 09:40:31', null, 1, 29);
INSERT INTO orders (id, prescription_id, registration_datetime, appointed_datetime, obtaining_datetime, paid, customer_id) VALUES (85, 134, '2023-01-22 19:47:50', '2023-01-22 19:47:50', '2023-01-22 19:47:50', 1, null);
INSERT INTO orders (id, prescription_id, registration_datetime, appointed_datetime, obtaining_datetime, paid, customer_id) VALUES (86, 79, '2023-09-05 21:15:20', '2023-09-05 21:15:20', '2023-09-05 21:15:20', 1, null);
INSERT INTO orders (id, prescription_id, registration_datetime, appointed_datetime, obtaining_datetime, paid, customer_id) VALUES (87, 140, '2023-06-16 16:46:19', '2023-07-18 07:10:06', '2023-10-19 08:47:09', 1, 15);
INSERT INTO orders (id, prescription_id, registration_datetime, appointed_datetime, obtaining_datetime, paid, customer_id) VALUES (88, 88, '2023-12-09 21:27:42', null, null, 0, 56);
INSERT INTO orders (id, prescription_id, registration_datetime, appointed_datetime, obtaining_datetime, paid, customer_id) VALUES (89, 101, '2023-08-28 22:47:52', '2023-09-01 12:59:21', '2023-10-29 17:06:43', 1, 57);
INSERT INTO orders (id, prescription_id, registration_datetime, appointed_datetime, obtaining_datetime, paid, customer_id) VALUES (90, 46, '2023-06-27 22:13:13', '2023-06-27 22:13:13', '2023-06-27 22:13:13', 1, null);
INSERT INTO orders (id, prescription_id, registration_datetime, appointed_datetime, obtaining_datetime, paid, customer_id) VALUES (91, 20, '2023-01-15 00:02:45', null, null, 0, 59);
INSERT INTO orders (id, prescription_id, registration_datetime, appointed_datetime, obtaining_datetime, paid, customer_id) VALUES (92, 75, '2023-01-31 07:58:13', null, null, 0, 3);
INSERT INTO orders (id, prescription_id, registration_datetime, appointed_datetime, obtaining_datetime, paid, customer_id) VALUES (93, 52, '2023-11-11 08:08:25', '2023-12-11 14:53:05', null, 0, 57);
INSERT INTO orders (id, prescription_id, registration_datetime, appointed_datetime, obtaining_datetime, paid, customer_id) VALUES (94, 98, '2023-06-09 07:37:12', '2023-06-09 07:37:12', '2023-06-09 07:37:12', 1, null);
INSERT INTO orders (id, prescription_id, registration_datetime, appointed_datetime, obtaining_datetime, paid, customer_id) VALUES (95, 14, '2023-09-29 03:07:56', '2023-09-29 03:07:56', '2023-09-29 03:07:56', 1, null);
INSERT INTO orders (id, prescription_id, registration_datetime, appointed_datetime, obtaining_datetime, paid, customer_id) VALUES (96, 138, '2023-11-28 15:22:06', '2023-11-28 15:22:06', '2023-11-28 15:22:06', 1, null);
INSERT INTO orders (id, prescription_id, registration_datetime, appointed_datetime, obtaining_datetime, paid, customer_id) VALUES (97, 45, '2023-11-21 03:35:47', null, null, 0, 40);
INSERT INTO orders (id, prescription_id, registration_datetime, appointed_datetime, obtaining_datetime, paid, customer_id) VALUES (98, 108, '2023-11-24 07:39:50', '2023-12-09 07:52:25', null, 0, 43);
INSERT INTO orders (id, prescription_id, registration_datetime, appointed_datetime, obtaining_datetime, paid, customer_id) VALUES (99, 88, '2023-03-01 08:24:25', '2023-04-26 03:30:26', null, 1, 14);
INSERT INTO orders (id, prescription_id, registration_datetime, appointed_datetime, obtaining_datetime, paid, customer_id) VALUES (100, 12, '2023-11-19 04:52:25', '2023-11-19 04:52:25', '2023-11-19 04:52:25', 1, null);
INSERT INTO orders (id, prescription_id, registration_datetime, appointed_datetime, obtaining_datetime, paid, customer_id) VALUES (101, 58, '2023-12-08 17:34:01', '2023-12-19 05:23:18', null, 0, 14);
INSERT INTO orders (id, prescription_id, registration_datetime, appointed_datetime, obtaining_datetime, paid, customer_id) VALUES (102, 25, '2023-07-26 23:32:54', '2023-10-23 02:03:35', null, 0, 60);
INSERT INTO orders (id, prescription_id, registration_datetime, appointed_datetime, obtaining_datetime, paid, customer_id) VALUES (103, 9, '2023-02-13 01:23:58', '2023-11-28 15:10:54', null, 1, 31);
INSERT INTO orders (id, prescription_id, registration_datetime, appointed_datetime, obtaining_datetime, paid, customer_id) VALUES (104, 23, '2023-07-26 12:56:07', '2023-09-08 11:36:08', null, 1, 18);
INSERT INTO orders (id, prescription_id, registration_datetime, appointed_datetime, obtaining_datetime, paid, customer_id) VALUES (105, 103, '2023-05-21 03:51:47', null, null, 0, 54);
INSERT INTO orders (id, prescription_id, registration_datetime, appointed_datetime, obtaining_datetime, paid, customer_id) VALUES (106, 78, '2023-05-22 20:32:41', '2023-08-02 07:23:26', null, 0, 58);
INSERT INTO orders (id, prescription_id, registration_datetime, appointed_datetime, obtaining_datetime, paid, customer_id) VALUES (107, 10, '2023-03-24 10:56:00', '2023-03-24 10:56:00', null, 1, null);
INSERT INTO orders (id, prescription_id, registration_datetime, appointed_datetime, obtaining_datetime, paid, customer_id) VALUES (108, 33, '2023-08-29 03:27:00', '2023-10-19 23:28:29', null, 1, 39);
INSERT INTO orders (id, prescription_id, registration_datetime, appointed_datetime, obtaining_datetime, paid, customer_id) VALUES (109, 34, '2023-06-07 22:05:45', '2023-06-07 22:05:45', '2023-06-07 22:05:45', 1, null);
INSERT INTO orders (id, prescription_id, registration_datetime, appointed_datetime, obtaining_datetime, paid, customer_id) VALUES (110, 31, '2023-08-17 07:24:33', null, null, 0, 3);
INSERT INTO orders (id, prescription_id, registration_datetime, appointed_datetime, obtaining_datetime, paid, customer_id) VALUES (111, 108, '2023-04-23 12:29:31', '2023-11-14 04:53:31', null, 0, 35);
INSERT INTO orders (id, prescription_id, registration_datetime, appointed_datetime, obtaining_datetime, paid, customer_id) VALUES (112, 37, '2023-10-27 22:50:04', null, null, 0, 13);
INSERT INTO orders (id, prescription_id, registration_datetime, appointed_datetime, obtaining_datetime, paid, customer_id) VALUES (113, 82, '2023-02-19 16:01:45', null, null, 0, 8);
INSERT INTO orders (id, prescription_id, registration_datetime, appointed_datetime, obtaining_datetime, paid, customer_id) VALUES (114, 124, '2023-07-08 01:48:21', null, null, 0, 28);
INSERT INTO orders (id, prescription_id, registration_datetime, appointed_datetime, obtaining_datetime, paid, customer_id) VALUES (115, 41, '2023-10-13 07:57:42', null, null, 0, 59);
INSERT INTO orders (id, prescription_id, registration_datetime, appointed_datetime, obtaining_datetime, paid, customer_id) VALUES (116, 81, '2023-05-08 03:43:41', '2023-05-08 03:43:41', '2023-05-08 03:43:41', 1, null);
INSERT INTO orders (id, prescription_id, registration_datetime, appointed_datetime, obtaining_datetime, paid, customer_id) VALUES (117, 104, '2023-02-05 16:19:02', '2023-02-05 16:19:02', '2023-02-05 16:19:02', 1, null);
INSERT INTO orders (id, prescription_id, registration_datetime, appointed_datetime, obtaining_datetime, paid, customer_id) VALUES (118, 50, '2023-05-04 04:51:00', '2023-09-13 13:19:51', null, 1, 57);
INSERT INTO orders (id, prescription_id, registration_datetime, appointed_datetime, obtaining_datetime, paid, customer_id) VALUES (119, 58, '2023-08-18 21:12:57', null, null, 0, 35);
INSERT INTO orders (id, prescription_id, registration_datetime, appointed_datetime, obtaining_datetime, paid, customer_id) VALUES (120, 39, '2023-12-31 17:13:51', '2023-12-31 20:03:07', '2023-12-31 20:50:40', 1, 47);
INSERT INTO orders (id, prescription_id, registration_datetime, appointed_datetime, obtaining_datetime, paid, customer_id) VALUES (121, 96, '2023-11-28 12:39:44', '2023-12-26 13:42:15', '2023-12-26 22:10:34', 1, 52);
INSERT INTO orders (id, prescription_id, registration_datetime, appointed_datetime, obtaining_datetime, paid, customer_id) VALUES (122, 114, '2023-06-05 19:22:23', '2023-07-26 18:49:54', null, 0, 9);
INSERT INTO orders (id, prescription_id, registration_datetime, appointed_datetime, obtaining_datetime, paid, customer_id) VALUES (123, 36, '2023-05-14 01:48:06', '2023-05-14 01:48:06', '2023-05-14 01:48:06', 1, null);
INSERT INTO orders (id, prescription_id, registration_datetime, appointed_datetime, obtaining_datetime, paid, customer_id) VALUES (124, 87, '2023-11-12 20:47:38', '2023-11-26 04:09:00', null, 0, 3);
INSERT INTO orders (id, prescription_id, registration_datetime, appointed_datetime, obtaining_datetime, paid, customer_id) VALUES (125, 40, '2023-06-05 14:51:54', '2023-06-05 14:51:54', null, 1, null);
INSERT INTO orders (id, prescription_id, registration_datetime, appointed_datetime, obtaining_datetime, paid, customer_id) VALUES (126, 58, '2023-12-07 14:21:16', '2023-12-27 13:07:02', null, 0, 26);
INSERT INTO orders (id, prescription_id, registration_datetime, appointed_datetime, obtaining_datetime, paid, customer_id) VALUES (127, 33, '2023-07-28 03:17:36', '2023-10-23 12:51:35', null, 1, 2);
INSERT INTO orders (id, prescription_id, registration_datetime, appointed_datetime, obtaining_datetime, paid, customer_id) VALUES (128, 135, '2023-08-13 10:20:43', '2023-08-13 10:20:43', '2023-08-13 10:20:43', 1, null);
INSERT INTO orders (id, prescription_id, registration_datetime, appointed_datetime, obtaining_datetime, paid, customer_id) VALUES (129, 74, '2023-12-17 14:42:30', '2023-12-17 14:42:30', '2023-12-17 14:42:30', 1, null);
INSERT INTO orders (id, prescription_id, registration_datetime, appointed_datetime, obtaining_datetime, paid, customer_id) VALUES (130, 3, '2023-11-01 09:01:53', null, null, 0, 37);
INSERT INTO orders (id, prescription_id, registration_datetime, appointed_datetime, obtaining_datetime, paid, customer_id) VALUES (131, 12, '2023-07-30 09:35:41', '2023-07-30 09:35:41', '2023-07-30 09:35:41', 1, null);
INSERT INTO orders (id, prescription_id, registration_datetime, appointed_datetime, obtaining_datetime, paid, customer_id) VALUES (132, 78, '2023-03-09 11:34:01', '2023-03-09 11:34:01', '2023-03-09 11:34:01', 1, null);
INSERT INTO orders (id, prescription_id, registration_datetime, appointed_datetime, obtaining_datetime, paid, customer_id) VALUES (133, 100, '2023-01-29 04:26:57', null, null, 0, 12);
INSERT INTO orders (id, prescription_id, registration_datetime, appointed_datetime, obtaining_datetime, paid, customer_id) VALUES (134, 125, '2023-02-01 20:25:21', null, null, 0, 26);
INSERT INTO orders (id, prescription_id, registration_datetime, appointed_datetime, obtaining_datetime, paid, customer_id) VALUES (135, 105, '2023-06-27 20:04:25', '2023-08-27 17:48:06', null, 0, 54);
INSERT INTO orders (id, prescription_id, registration_datetime, appointed_datetime, obtaining_datetime, paid, customer_id) VALUES (136, 61, '2023-05-06 10:15:51', '2023-08-21 10:44:46', '2023-11-28 17:10:21', 1, 56);
INSERT INTO orders (id, prescription_id, registration_datetime, appointed_datetime, obtaining_datetime, paid, customer_id) VALUES (137, 29, '2023-08-16 16:28:57', '2023-08-25 12:23:07', null, 1, 14);
INSERT INTO orders (id, prescription_id, registration_datetime, appointed_datetime, obtaining_datetime, paid, customer_id) VALUES (138, 41, '2023-10-27 02:20:45', '2023-12-23 02:19:38', null, 1, 25);
INSERT INTO orders (id, prescription_id, registration_datetime, appointed_datetime, obtaining_datetime, paid, customer_id) VALUES (139, 35, '2023-02-11 13:37:04', '2023-04-14 19:21:48', null, 1, 45);
INSERT INTO orders (id, prescription_id, registration_datetime, appointed_datetime, obtaining_datetime, paid, customer_id) VALUES (140, 132, '2023-02-17 19:13:15', null, null, 0, 15);
INSERT INTO orders (id, prescription_id, registration_datetime, appointed_datetime, obtaining_datetime, paid, customer_id) VALUES (141, 120, '2023-04-18 18:55:31', '2023-07-22 21:54:37', null, 1, 10);
INSERT INTO orders (id, prescription_id, registration_datetime, appointed_datetime, obtaining_datetime, paid, customer_id) VALUES (142, 86, '2023-05-15 02:23:55', null, null, 0, 35);
INSERT INTO orders (id, prescription_id, registration_datetime, appointed_datetime, obtaining_datetime, paid, customer_id) VALUES (143, 23, '2023-09-10 16:08:16', null, null, 0, 6);
INSERT INTO orders (id, prescription_id, registration_datetime, appointed_datetime, obtaining_datetime, paid, customer_id) VALUES (144, 143, '2023-04-20 08:55:33', null, null, 0, 36);
INSERT INTO orders (id, prescription_id, registration_datetime, appointed_datetime, obtaining_datetime, paid, customer_id) VALUES (145, 27, '2023-06-05 12:11:07', '2023-06-05 12:11:07', '2023-06-05 12:11:07', 1, null);
INSERT INTO orders (id, prescription_id, registration_datetime, appointed_datetime, obtaining_datetime, paid, customer_id) VALUES (146, 7, '2023-04-18 06:34:31', '2023-04-18 06:34:31', '2023-04-18 06:34:31', 1, null);
INSERT INTO orders (id, prescription_id, registration_datetime, appointed_datetime, obtaining_datetime, paid, customer_id) VALUES (147, 40, '2023-04-05 08:13:51', null, null, 0, 41);
INSERT INTO orders (id, prescription_id, registration_datetime, appointed_datetime, obtaining_datetime, paid, customer_id) VALUES (148, 132, '2023-10-07 11:22:32', '2023-11-14 17:01:34', null, 0, null);
INSERT INTO orders (id, prescription_id, registration_datetime, appointed_datetime, obtaining_datetime, paid, customer_id) VALUES (149, 101, '2023-03-11 18:27:44', null, null, 0, null);
INSERT INTO orders (id, prescription_id, registration_datetime, appointed_datetime, obtaining_datetime, paid, customer_id) VALUES (150, 130, '2023-11-08 11:01:29', '2023-11-08 11:01:29', '2023-11-08 11:01:29', 1, null);

INSERT INTO storage_items (id, drug_id, available_amount, original_amount, receipt_datetime) VALUES (1, 12, 27, 65, '2023-07-21 10:46:59');
INSERT INTO storage_items (id, drug_id, available_amount, original_amount, receipt_datetime) VALUES (2, 11, 38, 85, '2023-01-09 03:51:05');
INSERT INTO storage_items (id, drug_id, available_amount, original_amount, receipt_datetime) VALUES (3, 11, 6, 70, '2023-12-11 02:28:12');
INSERT INTO storage_items (id, drug_id, available_amount, original_amount, receipt_datetime) VALUES (4, 2, 9, 20, '2023-11-08 22:27:20');
INSERT INTO storage_items (id, drug_id, available_amount, original_amount, receipt_datetime) VALUES (6, 13, 14, 80, '2023-04-08 01:43:16');
INSERT INTO storage_items (id, drug_id, available_amount, original_amount, receipt_datetime) VALUES (7, 14, 54, 70, '2023-11-09 13:16:04');
INSERT INTO storage_items (id, drug_id, available_amount, original_amount, receipt_datetime) VALUES (8, 15, 250, 250, '2023-02-06 11:54:57');
INSERT INTO storage_items (id, drug_id, available_amount, original_amount, receipt_datetime) VALUES (9, 17, 3, 15, '2023-07-09 05:52:10');
INSERT INTO storage_items (id, drug_id, available_amount, original_amount, receipt_datetime) VALUES (10, 1, 38, 75, '2023-07-12 13:28:06');
INSERT INTO storage_items (id, drug_id, available_amount, original_amount, receipt_datetime) VALUES (11, 17, 30, 30, '2023-02-19 09:52:20');
INSERT INTO storage_items (id, drug_id, available_amount, original_amount, receipt_datetime) VALUES (12, 17, 25, 70, '2023-01-22 12:05:10');
INSERT INTO storage_items (id, drug_id, available_amount, original_amount, receipt_datetime) VALUES (13, 11, 57, 65, '2023-05-07 02:53:41');
INSERT INTO storage_items (id, drug_id, available_amount, original_amount, receipt_datetime) VALUES (14, 13, 63, 95, '2023-03-06 13:34:37');
INSERT INTO storage_items (id, drug_id, available_amount, original_amount, receipt_datetime) VALUES (15, 20, 19, 45, '2023-09-24 16:34:15');
INSERT INTO storage_items (id, drug_id, available_amount, original_amount, receipt_datetime) VALUES (16, 11, 82, 90, '2023-01-04 16:22:57');
INSERT INTO storage_items (id, drug_id, available_amount, original_amount, receipt_datetime) VALUES (17, 19, 63, 80, '2023-05-20 05:20:23');
INSERT INTO storage_items (id, drug_id, available_amount, original_amount, receipt_datetime) VALUES (18, 19, 16, 45, '2023-01-13 10:11:14');
INSERT INTO storage_items (id, drug_id, available_amount, original_amount, receipt_datetime) VALUES (19, 2, 89, 90, '2023-01-04 10:20:33');
INSERT INTO storage_items (id, drug_id, available_amount, original_amount, receipt_datetime) VALUES (20, 14, 30, 45, '2023-04-30 09:01:29');
INSERT INTO storage_items (id, drug_id, available_amount, original_amount, receipt_datetime) VALUES (22, 15, 31, 70, '2023-10-26 16:50:07');
INSERT INTO storage_items (id, drug_id, available_amount, original_amount, receipt_datetime) VALUES (23, 1, 53, 90, '2023-03-18 22:19:14');
INSERT INTO storage_items (id, drug_id, available_amount, original_amount, receipt_datetime) VALUES (24, 3, 10, 95, '2023-06-29 23:31:44');
INSERT INTO storage_items (id, drug_id, available_amount, original_amount, receipt_datetime) VALUES (25, 1, 4, 15, '2023-05-01 19:40:42');
INSERT INTO storage_items (id, drug_id, available_amount, original_amount, receipt_datetime) VALUES (26, 2, 7, 60, '2023-12-09 11:48:22');
INSERT INTO storage_items (id, drug_id, available_amount, original_amount, receipt_datetime) VALUES (27, 8, 4, 75, '2023-12-10 20:23:52');
INSERT INTO storage_items (id, drug_id, available_amount, original_amount, receipt_datetime) VALUES (28, 18, 10, 15, '2023-06-16 02:46:47');
INSERT INTO storage_items (id, drug_id, available_amount, original_amount, receipt_datetime) VALUES (29, 1, 17, 25, '2023-03-24 03:42:53');
INSERT INTO storage_items (id, drug_id, available_amount, original_amount, receipt_datetime) VALUES (30, 18, 23, 40, '2023-01-17 13:38:48');
INSERT INTO storage_items (id, drug_id, available_amount, original_amount, receipt_datetime) VALUES (31, 6, 10, 60, '2023-07-14 13:42:53');
INSERT INTO storage_items (id, drug_id, available_amount, original_amount, receipt_datetime) VALUES (32, 7, 13, 30, '2023-02-27 12:34:47');
INSERT INTO storage_items (id, drug_id, available_amount, original_amount, receipt_datetime) VALUES (33, 10, 3, 10, '2023-01-11 03:07:36');
INSERT INTO storage_items (id, drug_id, available_amount, original_amount, receipt_datetime) VALUES (34, 2, 12, 55, '2023-04-05 01:59:38');
INSERT INTO storage_items (id, drug_id, available_amount, original_amount, receipt_datetime) VALUES (35, 6, 20, 55, '2023-03-03 06:34:27');
INSERT INTO storage_items (id, drug_id, available_amount, original_amount, receipt_datetime) VALUES (36, 2, 2, 80, '2023-02-03 04:13:46');
INSERT INTO storage_items (id, drug_id, available_amount, original_amount, receipt_datetime) VALUES (37, 3, 7, 15, '2023-07-25 23:31:56');
INSERT INTO storage_items (id, drug_id, available_amount, original_amount, receipt_datetime) VALUES (38, 7, 64, 85, '2023-08-27 15:39:56');
INSERT INTO storage_items (id, drug_id, available_amount, original_amount, receipt_datetime) VALUES (39, 5, 7, 45, '2023-02-04 07:19:41');
INSERT INTO storage_items (id, drug_id, available_amount, original_amount, receipt_datetime) VALUES (40, 1, 7, 65, '2023-05-27 14:04:43');
INSERT INTO storage_items (id, drug_id, available_amount, original_amount, receipt_datetime) VALUES (46, 11, 90, 90, '2024-05-12 20:53:10');

INSERT INTO supplies (id, drug_id, drug_amount, cost, assigned_datetime, delivery_datetime, supplier_id) VALUES (1, 20, 85, 21399, '2023-09-24 07:17:03', null, 5);
INSERT INTO supplies (id, drug_id, drug_amount, cost, assigned_datetime, delivery_datetime, supplier_id) VALUES (2, 13, 25, 26999, '2023-12-28 20:05:25', null, 2);
INSERT INTO supplies (id, drug_id, drug_amount, cost, assigned_datetime, delivery_datetime, supplier_id) VALUES (3, 16, 90, 19499, '2023-09-01 22:25:39', '2023-11-29 04:31:57', 8);
INSERT INTO supplies (id, drug_id, drug_amount, cost, assigned_datetime, delivery_datetime, supplier_id) VALUES (4, 12, 50, 12299, '2023-05-25 20:07:15', null, 10);
INSERT INTO supplies (id, drug_id, drug_amount, cost, assigned_datetime, delivery_datetime, supplier_id) VALUES (5, 17, 30, 45699, '2023-01-04 02:32:51', null, 9);
INSERT INTO supplies (id, drug_id, drug_amount, cost, assigned_datetime, delivery_datetime, supplier_id) VALUES (6, 9, 20, 8499, '2023-02-22 23:29:50', null, 8);
INSERT INTO supplies (id, drug_id, drug_amount, cost, assigned_datetime, delivery_datetime, supplier_id) VALUES (7, 20, 55, 15799, '2023-04-13 21:38:36', '2023-08-01 01:20:20', 8);
INSERT INTO supplies (id, drug_id, drug_amount, cost, assigned_datetime, delivery_datetime, supplier_id) VALUES (8, 16, 50, 38299, '2023-11-23 14:01:49', '2023-12-01 02:08:37', 6);
INSERT INTO supplies (id, drug_id, drug_amount, cost, assigned_datetime, delivery_datetime, supplier_id) VALUES (9, 2, 20, 32599, '2023-06-02 14:16:12', '2023-08-12 00:57:48', 6);
INSERT INTO supplies (id, drug_id, drug_amount, cost, assigned_datetime, delivery_datetime, supplier_id) VALUES (10, 6, 15, 3799, '2023-11-25 16:09:29', null, 5);
INSERT INTO supplies (id, drug_id, drug_amount, cost, assigned_datetime, delivery_datetime, supplier_id) VALUES (11, 9, 70, 3099, '2023-06-19 15:24:15', '2023-10-09 02:39:56', 6);
INSERT INTO supplies (id, drug_id, drug_amount, cost, assigned_datetime, delivery_datetime, supplier_id) VALUES (12, 12, 30, 49199, '2023-01-05 19:31:45', null, 1);
INSERT INTO supplies (id, drug_id, drug_amount, cost, assigned_datetime, delivery_datetime, supplier_id) VALUES (13, 16, 85, 8099, '2023-08-07 15:08:58', '2023-10-06 00:43:25', 2);
INSERT INTO supplies (id, drug_id, drug_amount, cost, assigned_datetime, delivery_datetime, supplier_id) VALUES (14, 20, 40, 3299, '2023-03-18 11:59:06', '2023-05-21 03:43:52', 9);
INSERT INTO supplies (id, drug_id, drug_amount, cost, assigned_datetime, delivery_datetime, supplier_id) VALUES (15, 16, 55, 39999, '2023-01-16 12:20:01', null, 9);
INSERT INTO supplies (id, drug_id, drug_amount, cost, assigned_datetime, delivery_datetime, supplier_id) VALUES (16, 2, 20, 49899, '2023-06-01 04:49:50', '2023-09-06 09:31:05', 5);
INSERT INTO supplies (id, drug_id, drug_amount, cost, assigned_datetime, delivery_datetime, supplier_id) VALUES (17, 7, 20, 38999, '2023-08-25 06:53:30', '2023-08-28 02:07:55', 6);
INSERT INTO supplies (id, drug_id, drug_amount, cost, assigned_datetime, delivery_datetime, supplier_id) VALUES (18, 5, 70, 21899, '2023-09-01 00:15:26', null, 8);
INSERT INTO supplies (id, drug_id, drug_amount, cost, assigned_datetime, delivery_datetime, supplier_id) VALUES (19, 6, 90, 14299, '2023-02-11 16:50:44', null, 7);
INSERT INTO supplies (id, drug_id, drug_amount, cost, assigned_datetime, delivery_datetime, supplier_id) VALUES (20, 11, 75, 6699, '2023-03-22 10:10:48', null, 3);
INSERT INTO supplies (id, drug_id, drug_amount, cost, assigned_datetime, delivery_datetime, supplier_id) VALUES (21, 18, 90, 29399, '2023-05-20 07:44:41', null, 7);
INSERT INTO supplies (id, drug_id, drug_amount, cost, assigned_datetime, delivery_datetime, supplier_id) VALUES (22, 18, 65, 44699, '2023-05-29 22:46:22', '2023-09-14 12:35:13', 1);
INSERT INTO supplies (id, drug_id, drug_amount, cost, assigned_datetime, delivery_datetime, supplier_id) VALUES (23, 8, 85, 18899, '2023-10-21 13:38:17', '2023-11-21 00:31:15', 2);
INSERT INTO supplies (id, drug_id, drug_amount, cost, assigned_datetime, delivery_datetime, supplier_id) VALUES (24, 2, 40, 25999, '2023-05-08 13:45:32', null, 7);
INSERT INTO supplies (id, drug_id, drug_amount, cost, assigned_datetime, delivery_datetime, supplier_id) VALUES (25, 16, 70, 37999, '2023-02-23 16:38:41', null, 3);
INSERT INTO supplies (id, drug_id, drug_amount, cost, assigned_datetime, delivery_datetime, supplier_id) VALUES (26, 18, 80, 25999, '2023-06-15 08:21:36', null, 4);
INSERT INTO supplies (id, drug_id, drug_amount, cost, assigned_datetime, delivery_datetime, supplier_id) VALUES (27, 15, 35, 17599, '2023-06-20 10:49:38', null, 4);
INSERT INTO supplies (id, drug_id, drug_amount, cost, assigned_datetime, delivery_datetime, supplier_id) VALUES (28, 10, 15, 16899, '2023-03-31 13:17:52', '2023-11-09 22:17:30', 4);
INSERT INTO supplies (id, drug_id, drug_amount, cost, assigned_datetime, delivery_datetime, supplier_id) VALUES (29, 8, 35, 7899, '2023-05-09 13:43:35', null, 5);
INSERT INTO supplies (id, drug_id, drug_amount, cost, assigned_datetime, delivery_datetime, supplier_id) VALUES (30, 6, 30, 8699, '2023-05-01 10:57:19', '2023-10-20 16:39:51', 3);
INSERT INTO supplies (id, drug_id, drug_amount, cost, assigned_datetime, delivery_datetime, supplier_id) VALUES (31, 13, 55, 7899, '2023-02-23 08:06:14', null, 9);
INSERT INTO supplies (id, drug_id, drug_amount, cost, assigned_datetime, delivery_datetime, supplier_id) VALUES (32, 11, 30, 27099, '2023-03-15 01:35:43', null, 8);
INSERT INTO supplies (id, drug_id, drug_amount, cost, assigned_datetime, delivery_datetime, supplier_id) VALUES (33, 17, 85, 38899, '2023-04-09 20:08:32', '2023-04-16 02:33:54', 5);
INSERT INTO supplies (id, drug_id, drug_amount, cost, assigned_datetime, delivery_datetime, supplier_id) VALUES (34, 1, 25, 47999, '2023-10-26 02:23:55', null, 2);
INSERT INTO supplies (id, drug_id, drug_amount, cost, assigned_datetime, delivery_datetime, supplier_id) VALUES (35, 5, 25, 46999, '2023-02-14 17:03:25', '2023-06-18 23:32:34', 8);
INSERT INTO supplies (id, drug_id, drug_amount, cost, assigned_datetime, delivery_datetime, supplier_id) VALUES (36, 15, 60, 16099, '2023-05-21 03:11:27', null, 6);
INSERT INTO supplies (id, drug_id, drug_amount, cost, assigned_datetime, delivery_datetime, supplier_id) VALUES (37, 8, 40, 31199, '2023-10-09 16:49:52', null, 7);
INSERT INTO supplies (id, drug_id, drug_amount, cost, assigned_datetime, delivery_datetime, supplier_id) VALUES (38, 4, 30, 9299, '2023-01-14 18:52:45', '2023-12-04 06:31:02', 7);
INSERT INTO supplies (id, drug_id, drug_amount, cost, assigned_datetime, delivery_datetime, supplier_id) VALUES (39, 20, 20, 40499, '2023-02-26 01:13:40', null, 2);
INSERT INTO supplies (id, drug_id, drug_amount, cost, assigned_datetime, delivery_datetime, supplier_id) VALUES (40, 11, 85, 24999, '2023-01-07 16:56:57', null, 1);

INSERT INTO technologies (id, drug_id, cooking_time, amount, description) VALUES (1, 12, '02:00:21', 50, 'О, нет, это не самолёты. Это Красота убила Чудовище.');
INSERT INTO technologies (id, drug_id, cooking_time, amount, description) VALUES (2, 11, '02:28:21', 70, 'REPL — форма организации простой интерактивной среды программирования в рамках средств интерфейса командной строки.');
INSERT INTO technologies (id, drug_id, cooking_time, amount, description) VALUES (3, 18, '02:49:59', 50, 'А вот и Джонни!');
INSERT INTO technologies (id, drug_id, cooking_time, amount, description) VALUES (4, 14, '00:23:56', 70, 'Полнотиповое программирование может поддерживаться на уровне системы типов языка или вводиться программистом идиоматически.');
INSERT INTO technologies (id, drug_id, cooking_time, amount, description) VALUES (5, 2, '03:09:49', 20, 'Python поддерживает несколько парадигм программирования, в том числе структурное, объектно-ориентированное, функциональное, императивное и аспектно-ориентированное.');
INSERT INTO technologies (id, drug_id, cooking_time, amount, description) VALUES (6, 12, '01:30:34', 50, 'прийтись ударить прозрачный приниматься непосредственно необыкновенный');
INSERT INTO technologies (id, drug_id, cooking_time, amount, description) VALUES (7, 17, '02:47:37', 70, 'разумный музыка принести отсюда встать');
INSERT INTO technologies (id, drug_id, cooking_time, amount, description) VALUES (8, 14, '02:35:57', 10, 'Миссис Робинсон, вы пытаетесь меня соблазнить, не так ли?');
INSERT INTO technologies (id, drug_id, cooking_time, amount, description) VALUES (9, 18, '02:14:14', 60, 'Пластмассы[2]');
INSERT INTO technologies (id, drug_id, cooking_time, amount, description) VALUES (10, 16, '03:10:22', 10, 'Открой двери модуля, Хал');
INSERT INTO technologies (id, drug_id, cooking_time, amount, description) VALUES (11, 20, '02:37:21', 20, 'Является одним из самых распространённых языков программирования с поддержкой отложенных вычислений.');
INSERT INTO technologies (id, drug_id, cooking_time, amount, description) VALUES (12, 5, '01:33:31', 50, 'Парадигма программирования — это совокупность идей и понятий, определяющих стиль написания компьютерных программ.');
INSERT INTO technologies (id, drug_id, cooking_time, amount, description) VALUES (13, 12, '02:58:51', 70, 'REPL — форма организации простой интерактивной среды программирования в рамках средств интерфейса командной строки.');
INSERT INTO technologies (id, drug_id, cooking_time, amount, description) VALUES (14, 8, '01:47:14', 70, 'союз дорогой медведь заменить тронуть');
INSERT INTO technologies (id, drug_id, cooking_time, amount, description) VALUES (15, 18, '00:14:08', 10, 'Хьюстон, у нас проблема');
INSERT INTO technologies (id, drug_id, cooking_time, amount, description) VALUES (16, 8, '01:18:28', 90, 'Луи, мне кажется, это начало прекрасной дружбы');
INSERT INTO technologies (id, drug_id, cooking_time, amount, description) VALUES (17, 19, '01:35:55', 80, 'Полнотиповое программирование — стиль программирования, отличающийся обширным использованием информации о типах с тем, чтобы механизм проверки согласования типов обеспечил раннее выявление максимального количества всевозможных разновидностей багов.');
INSERT INTO technologies (id, drug_id, cooking_time, amount, description) VALUES (18, 5, '00:18:02', 90, 'цепь гроб строка мутный представиться собственность тащить глупость');
INSERT INTO technologies (id, drug_id, cooking_time, amount, description) VALUES (19, 18, '01:12:19', 30, 'Синтаксис ядра Python минималистичен.');
INSERT INTO technologies (id, drug_id, cooking_time, amount, description) VALUES (20, 11, '03:33:00', 10, 'наблюдать раз фуражка настроение тон заключаться причина казарма');
INSERT INTO technologies (id, drug_id, cooking_time, amount, description) VALUES (21, 1, '01:44:24', 60, 'Erlang является декларативным языком программирования, который скорее используется для описания того, что должно быть вычислено нежели как.');
INSERT INTO technologies (id, drug_id, cooking_time, amount, description) VALUES (22, 14, '03:49:20', 50, 'Открой двери модуля, Хал');
INSERT INTO technologies (id, drug_id, cooking_time, amount, description) VALUES (23, 2, '01:56:57', 90, 'Покажи мне деньги!');
INSERT INTO technologies (id, drug_id, cooking_time, amount, description) VALUES (24, 19, '02:09:11', 90, 'невероятный полицейский совершить каков необычный отчетливо слева доноситься');
INSERT INTO technologies (id, drug_id, cooking_time, amount, description) VALUES (25, 14, '02:23:55', 90, 'Приложения Java обычно транслируются в специальный байт-код, поэтому они могут работать на любой компьютерной архитектуре, с помощью виртуальной Java-машины.');

INSERT INTO prescriptions_content (prescription_id, drug_id, amount, administration_route_id) VALUES (1, 2, 2, 2);
INSERT INTO prescriptions_content (prescription_id, drug_id, amount, administration_route_id) VALUES (1, 15, 1, 2);
INSERT INTO prescriptions_content (prescription_id, drug_id, amount, administration_route_id) VALUES (2, 2, 3, 1);
INSERT INTO prescriptions_content (prescription_id, drug_id, amount, administration_route_id) VALUES (3, 5, 1, 1);
INSERT INTO prescriptions_content (prescription_id, drug_id, amount, administration_route_id) VALUES (4, 10, 3, 2);
INSERT INTO prescriptions_content (prescription_id, drug_id, amount, administration_route_id) VALUES (5, 2, 1, 1);
INSERT INTO prescriptions_content (prescription_id, drug_id, amount, administration_route_id) VALUES (6, 17, 1, 2);
INSERT INTO prescriptions_content (prescription_id, drug_id, amount, administration_route_id) VALUES (6, 20, 1, 2);
INSERT INTO prescriptions_content (prescription_id, drug_id, amount, administration_route_id) VALUES (7, 17, 1, 2);
INSERT INTO prescriptions_content (prescription_id, drug_id, amount, administration_route_id) VALUES (8, 14, 2, 1);
INSERT INTO prescriptions_content (prescription_id, drug_id, amount, administration_route_id) VALUES (9, 9, 3, 2);
INSERT INTO prescriptions_content (prescription_id, drug_id, amount, administration_route_id) VALUES (10, 12, 2, 2);
INSERT INTO prescriptions_content (prescription_id, drug_id, amount, administration_route_id) VALUES (11, 20, 3, 1);
INSERT INTO prescriptions_content (prescription_id, drug_id, amount, administration_route_id) VALUES (12, 1, 1, 2);
INSERT INTO prescriptions_content (prescription_id, drug_id, amount, administration_route_id) VALUES (12, 19, 1, 2);
INSERT INTO prescriptions_content (prescription_id, drug_id, amount, administration_route_id) VALUES (13, 3, 3, 2);
INSERT INTO prescriptions_content (prescription_id, drug_id, amount, administration_route_id) VALUES (14, 8, 3, 2);
INSERT INTO prescriptions_content (prescription_id, drug_id, amount, administration_route_id) VALUES (15, 12, 1, 1);
INSERT INTO prescriptions_content (prescription_id, drug_id, amount, administration_route_id) VALUES (16, 10, 3, 2);
INSERT INTO prescriptions_content (prescription_id, drug_id, amount, administration_route_id) VALUES (17, 5, 2, 1);
INSERT INTO prescriptions_content (prescription_id, drug_id, amount, administration_route_id) VALUES (18, 10, 3, 2);
INSERT INTO prescriptions_content (prescription_id, drug_id, amount, administration_route_id) VALUES (18, 16, 1, 1);
INSERT INTO prescriptions_content (prescription_id, drug_id, amount, administration_route_id) VALUES (19, 3, 1, 2);
INSERT INTO prescriptions_content (prescription_id, drug_id, amount, administration_route_id) VALUES (19, 9, 1, 1);
INSERT INTO prescriptions_content (prescription_id, drug_id, amount, administration_route_id) VALUES (20, 14, 2, 2);
INSERT INTO prescriptions_content (prescription_id, drug_id, amount, administration_route_id) VALUES (21, 11, 1, 1);
INSERT INTO prescriptions_content (prescription_id, drug_id, amount, administration_route_id) VALUES (22, 16, 1, 2);
INSERT INTO prescriptions_content (prescription_id, drug_id, amount, administration_route_id) VALUES (23, 12, 3, 2);
INSERT INTO prescriptions_content (prescription_id, drug_id, amount, administration_route_id) VALUES (24, 16, 3, 1);
INSERT INTO prescriptions_content (prescription_id, drug_id, amount, administration_route_id) VALUES (25, 2, 1, 2);
INSERT INTO prescriptions_content (prescription_id, drug_id, amount, administration_route_id) VALUES (25, 6, 3, 1);
INSERT INTO prescriptions_content (prescription_id, drug_id, amount, administration_route_id) VALUES (26, 3, 1, 2);
INSERT INTO prescriptions_content (prescription_id, drug_id, amount, administration_route_id) VALUES (27, 3, 3, 2);
INSERT INTO prescriptions_content (prescription_id, drug_id, amount, administration_route_id) VALUES (27, 5, 1, 2);
INSERT INTO prescriptions_content (prescription_id, drug_id, amount, administration_route_id) VALUES (27, 14, 1, 1);
INSERT INTO prescriptions_content (prescription_id, drug_id, amount, administration_route_id) VALUES (28, 3, 3, 2);
INSERT INTO prescriptions_content (prescription_id, drug_id, amount, administration_route_id) VALUES (28, 9, 2, 1);
INSERT INTO prescriptions_content (prescription_id, drug_id, amount, administration_route_id) VALUES (29, 5, 1, 1);
INSERT INTO prescriptions_content (prescription_id, drug_id, amount, administration_route_id) VALUES (30, 3, 3, 2);
INSERT INTO prescriptions_content (prescription_id, drug_id, amount, administration_route_id) VALUES (31, 8, 3, 1);
INSERT INTO prescriptions_content (prescription_id, drug_id, amount, administration_route_id) VALUES (32, 14, 2, 1);
INSERT INTO prescriptions_content (prescription_id, drug_id, amount, administration_route_id) VALUES (33, 8, 3, 2);
INSERT INTO prescriptions_content (prescription_id, drug_id, amount, administration_route_id) VALUES (33, 17, 3, 1);
INSERT INTO prescriptions_content (prescription_id, drug_id, amount, administration_route_id) VALUES (34, 9, 2, 2);
INSERT INTO prescriptions_content (prescription_id, drug_id, amount, administration_route_id) VALUES (35, 11, 2, 2);
INSERT INTO prescriptions_content (prescription_id, drug_id, amount, administration_route_id) VALUES (35, 17, 1, 2);
INSERT INTO prescriptions_content (prescription_id, drug_id, amount, administration_route_id) VALUES (36, 15, 3, 1);
INSERT INTO prescriptions_content (prescription_id, drug_id, amount, administration_route_id) VALUES (37, 18, 2, 2);
INSERT INTO prescriptions_content (prescription_id, drug_id, amount, administration_route_id) VALUES (38, 4, 1, 2);
INSERT INTO prescriptions_content (prescription_id, drug_id, amount, administration_route_id) VALUES (39, 19, 3, 2);
INSERT INTO prescriptions_content (prescription_id, drug_id, amount, administration_route_id) VALUES (40, 2, 2, 1);
INSERT INTO prescriptions_content (prescription_id, drug_id, amount, administration_route_id) VALUES (41, 10, 2, 1);
INSERT INTO prescriptions_content (prescription_id, drug_id, amount, administration_route_id) VALUES (41, 15, 2, 1);
INSERT INTO prescriptions_content (prescription_id, drug_id, amount, administration_route_id) VALUES (42, 16, 1, 1);
INSERT INTO prescriptions_content (prescription_id, drug_id, amount, administration_route_id) VALUES (43, 10, 3, 1);
INSERT INTO prescriptions_content (prescription_id, drug_id, amount, administration_route_id) VALUES (43, 11, 1, 1);
INSERT INTO prescriptions_content (prescription_id, drug_id, amount, administration_route_id) VALUES (43, 16, 1, 1);
INSERT INTO prescriptions_content (prescription_id, drug_id, amount, administration_route_id) VALUES (44, 2, 3, 2);
INSERT INTO prescriptions_content (prescription_id, drug_id, amount, administration_route_id) VALUES (44, 10, 2, 2);
INSERT INTO prescriptions_content (prescription_id, drug_id, amount, administration_route_id) VALUES (45, 6, 2, 2);
INSERT INTO prescriptions_content (prescription_id, drug_id, amount, administration_route_id) VALUES (46, 1, 1, 2);
INSERT INTO prescriptions_content (prescription_id, drug_id, amount, administration_route_id) VALUES (47, 9, 1, 1);
INSERT INTO prescriptions_content (prescription_id, drug_id, amount, administration_route_id) VALUES (47, 11, 3, 2);
INSERT INTO prescriptions_content (prescription_id, drug_id, amount, administration_route_id) VALUES (48, 1, 3, 2);
INSERT INTO prescriptions_content (prescription_id, drug_id, amount, administration_route_id) VALUES (48, 7, 2, 2);
INSERT INTO prescriptions_content (prescription_id, drug_id, amount, administration_route_id) VALUES (49, 8, 1, 1);
INSERT INTO prescriptions_content (prescription_id, drug_id, amount, administration_route_id) VALUES (50, 8, 3, 2);
INSERT INTO prescriptions_content (prescription_id, drug_id, amount, administration_route_id) VALUES (50, 13, 3, 1);
INSERT INTO prescriptions_content (prescription_id, drug_id, amount, administration_route_id) VALUES (51, 3, 2, 2);
INSERT INTO prescriptions_content (prescription_id, drug_id, amount, administration_route_id) VALUES (52, 12, 3, 1);
INSERT INTO prescriptions_content (prescription_id, drug_id, amount, administration_route_id) VALUES (53, 1, 2, 2);
INSERT INTO prescriptions_content (prescription_id, drug_id, amount, administration_route_id) VALUES (54, 12, 3, 1);
INSERT INTO prescriptions_content (prescription_id, drug_id, amount, administration_route_id) VALUES (55, 14, 3, 2);
INSERT INTO prescriptions_content (prescription_id, drug_id, amount, administration_route_id) VALUES (56, 5, 3, 2);
INSERT INTO prescriptions_content (prescription_id, drug_id, amount, administration_route_id) VALUES (57, 1, 2, 2);
INSERT INTO prescriptions_content (prescription_id, drug_id, amount, administration_route_id) VALUES (58, 19, 3, 1);
INSERT INTO prescriptions_content (prescription_id, drug_id, amount, administration_route_id) VALUES (59, 16, 1, 2);
INSERT INTO prescriptions_content (prescription_id, drug_id, amount, administration_route_id) VALUES (60, 8, 3, 1);
INSERT INTO prescriptions_content (prescription_id, drug_id, amount, administration_route_id) VALUES (61, 11, 3, 1);
INSERT INTO prescriptions_content (prescription_id, drug_id, amount, administration_route_id) VALUES (62, 19, 3, 2);
INSERT INTO prescriptions_content (prescription_id, drug_id, amount, administration_route_id) VALUES (63, 12, 1, 2);
INSERT INTO prescriptions_content (prescription_id, drug_id, amount, administration_route_id) VALUES (64, 5, 1, 2);
INSERT INTO prescriptions_content (prescription_id, drug_id, amount, administration_route_id) VALUES (65, 2, 2, 2);
INSERT INTO prescriptions_content (prescription_id, drug_id, amount, administration_route_id) VALUES (65, 4, 2, 2);
INSERT INTO prescriptions_content (prescription_id, drug_id, amount, administration_route_id) VALUES (66, 5, 2, 1);
INSERT INTO prescriptions_content (prescription_id, drug_id, amount, administration_route_id) VALUES (67, 17, 1, 1);
INSERT INTO prescriptions_content (prescription_id, drug_id, amount, administration_route_id) VALUES (68, 18, 2, 2);
INSERT INTO prescriptions_content (prescription_id, drug_id, amount, administration_route_id) VALUES (68, 20, 3, 2);
INSERT INTO prescriptions_content (prescription_id, drug_id, amount, administration_route_id) VALUES (69, 1, 1, 2);
INSERT INTO prescriptions_content (prescription_id, drug_id, amount, administration_route_id) VALUES (70, 15, 3, 2);
INSERT INTO prescriptions_content (prescription_id, drug_id, amount, administration_route_id) VALUES (71, 19, 1, 1);
INSERT INTO prescriptions_content (prescription_id, drug_id, amount, administration_route_id) VALUES (72, 5, 2, 1);
INSERT INTO prescriptions_content (prescription_id, drug_id, amount, administration_route_id) VALUES (72, 6, 3, 2);
INSERT INTO prescriptions_content (prescription_id, drug_id, amount, administration_route_id) VALUES (73, 7, 3, 1);
INSERT INTO prescriptions_content (prescription_id, drug_id, amount, administration_route_id) VALUES (74, 3, 2, 2);
INSERT INTO prescriptions_content (prescription_id, drug_id, amount, administration_route_id) VALUES (74, 6, 1, 1);
INSERT INTO prescriptions_content (prescription_id, drug_id, amount, administration_route_id) VALUES (75, 12, 1, 1);
INSERT INTO prescriptions_content (prescription_id, drug_id, amount, administration_route_id) VALUES (76, 16, 1, 2);
INSERT INTO prescriptions_content (prescription_id, drug_id, amount, administration_route_id) VALUES (77, 20, 3, 1);
INSERT INTO prescriptions_content (prescription_id, drug_id, amount, administration_route_id) VALUES (78, 16, 2, 2);
INSERT INTO prescriptions_content (prescription_id, drug_id, amount, administration_route_id) VALUES (79, 4, 3, 1);
INSERT INTO prescriptions_content (prescription_id, drug_id, amount, administration_route_id) VALUES (80, 8, 3, 2);
INSERT INTO prescriptions_content (prescription_id, drug_id, amount, administration_route_id) VALUES (80, 9, 1, 1);
INSERT INTO prescriptions_content (prescription_id, drug_id, amount, administration_route_id) VALUES (81, 14, 2, 1);
INSERT INTO prescriptions_content (prescription_id, drug_id, amount, administration_route_id) VALUES (82, 10, 1, 1);
INSERT INTO prescriptions_content (prescription_id, drug_id, amount, administration_route_id) VALUES (82, 18, 3, 1);
INSERT INTO prescriptions_content (prescription_id, drug_id, amount, administration_route_id) VALUES (83, 2, 2, 1);
INSERT INTO prescriptions_content (prescription_id, drug_id, amount, administration_route_id) VALUES (84, 5, 3, 2);
INSERT INTO prescriptions_content (prescription_id, drug_id, amount, administration_route_id) VALUES (84, 13, 3, 2);
INSERT INTO prescriptions_content (prescription_id, drug_id, amount, administration_route_id) VALUES (85, 20, 1, 2);
INSERT INTO prescriptions_content (prescription_id, drug_id, amount, administration_route_id) VALUES (86, 9, 3, 1);
INSERT INTO prescriptions_content (prescription_id, drug_id, amount, administration_route_id) VALUES (87, 8, 3, 2);
INSERT INTO prescriptions_content (prescription_id, drug_id, amount, administration_route_id) VALUES (87, 18, 3, 1);
INSERT INTO prescriptions_content (prescription_id, drug_id, amount, administration_route_id) VALUES (88, 4, 1, 2);
INSERT INTO prescriptions_content (prescription_id, drug_id, amount, administration_route_id) VALUES (89, 6, 2, 2);
INSERT INTO prescriptions_content (prescription_id, drug_id, amount, administration_route_id) VALUES (89, 8, 1, 1);
INSERT INTO prescriptions_content (prescription_id, drug_id, amount, administration_route_id) VALUES (90, 18, 2, 1);
INSERT INTO prescriptions_content (prescription_id, drug_id, amount, administration_route_id) VALUES (91, 3, 2, 1);
INSERT INTO prescriptions_content (prescription_id, drug_id, amount, administration_route_id) VALUES (91, 19, 1, 1);
INSERT INTO prescriptions_content (prescription_id, drug_id, amount, administration_route_id) VALUES (92, 4, 3, 2);
INSERT INTO prescriptions_content (prescription_id, drug_id, amount, administration_route_id) VALUES (92, 7, 2, 1);
INSERT INTO prescriptions_content (prescription_id, drug_id, amount, administration_route_id) VALUES (93, 6, 2, 1);
INSERT INTO prescriptions_content (prescription_id, drug_id, amount, administration_route_id) VALUES (94, 1, 1, 1);
INSERT INTO prescriptions_content (prescription_id, drug_id, amount, administration_route_id) VALUES (95, 4, 2, 1);
INSERT INTO prescriptions_content (prescription_id, drug_id, amount, administration_route_id) VALUES (96, 12, 2, 2);
INSERT INTO prescriptions_content (prescription_id, drug_id, amount, administration_route_id) VALUES (96, 20, 1, 1);
INSERT INTO prescriptions_content (prescription_id, drug_id, amount, administration_route_id) VALUES (97, 7, 1, 2);
INSERT INTO prescriptions_content (prescription_id, drug_id, amount, administration_route_id) VALUES (97, 16, 2, 1);
INSERT INTO prescriptions_content (prescription_id, drug_id, amount, administration_route_id) VALUES (98, 3, 2, 1);
INSERT INTO prescriptions_content (prescription_id, drug_id, amount, administration_route_id) VALUES (99, 17, 1, 2);
INSERT INTO prescriptions_content (prescription_id, drug_id, amount, administration_route_id) VALUES (100, 17, 3, 1);
INSERT INTO prescriptions_content (prescription_id, drug_id, amount, administration_route_id) VALUES (101, 6, 3, 2);
INSERT INTO prescriptions_content (prescription_id, drug_id, amount, administration_route_id) VALUES (102, 12, 1, 1);
INSERT INTO prescriptions_content (prescription_id, drug_id, amount, administration_route_id) VALUES (102, 17, 1, 1);
INSERT INTO prescriptions_content (prescription_id, drug_id, amount, administration_route_id) VALUES (103, 16, 3, 2);
INSERT INTO prescriptions_content (prescription_id, drug_id, amount, administration_route_id) VALUES (104, 4, 1, 1);
INSERT INTO prescriptions_content (prescription_id, drug_id, amount, administration_route_id) VALUES (105, 16, 2, 1);
INSERT INTO prescriptions_content (prescription_id, drug_id, amount, administration_route_id) VALUES (106, 5, 2, 1);
INSERT INTO prescriptions_content (prescription_id, drug_id, amount, administration_route_id) VALUES (106, 20, 1, 2);
INSERT INTO prescriptions_content (prescription_id, drug_id, amount, administration_route_id) VALUES (107, 13, 1, 2);
INSERT INTO prescriptions_content (prescription_id, drug_id, amount, administration_route_id) VALUES (108, 4, 3, 1);
INSERT INTO prescriptions_content (prescription_id, drug_id, amount, administration_route_id) VALUES (109, 10, 2, 2);
INSERT INTO prescriptions_content (prescription_id, drug_id, amount, administration_route_id) VALUES (109, 11, 2, 2);
INSERT INTO prescriptions_content (prescription_id, drug_id, amount, administration_route_id) VALUES (110, 7, 1, 2);
INSERT INTO prescriptions_content (prescription_id, drug_id, amount, administration_route_id) VALUES (110, 8, 1, 2);
INSERT INTO prescriptions_content (prescription_id, drug_id, amount, administration_route_id) VALUES (111, 2, 1, 2);
INSERT INTO prescriptions_content (prescription_id, drug_id, amount, administration_route_id) VALUES (111, 7, 1, 1);
INSERT INTO prescriptions_content (prescription_id, drug_id, amount, administration_route_id) VALUES (111, 13, 3, 1);
INSERT INTO prescriptions_content (prescription_id, drug_id, amount, administration_route_id) VALUES (112, 18, 1, 1);
INSERT INTO prescriptions_content (prescription_id, drug_id, amount, administration_route_id) VALUES (113, 4, 1, 1);
INSERT INTO prescriptions_content (prescription_id, drug_id, amount, administration_route_id) VALUES (113, 20, 1, 1);
INSERT INTO prescriptions_content (prescription_id, drug_id, amount, administration_route_id) VALUES (114, 16, 2, 1);
INSERT INTO prescriptions_content (prescription_id, drug_id, amount, administration_route_id) VALUES (115, 15, 2, 2);
INSERT INTO prescriptions_content (prescription_id, drug_id, amount, administration_route_id) VALUES (116, 16, 3, 1);
INSERT INTO prescriptions_content (prescription_id, drug_id, amount, administration_route_id) VALUES (117, 8, 1, 2);
INSERT INTO prescriptions_content (prescription_id, drug_id, amount, administration_route_id) VALUES (117, 16, 2, 1);
INSERT INTO prescriptions_content (prescription_id, drug_id, amount, administration_route_id) VALUES (118, 3, 3, 1);
INSERT INTO prescriptions_content (prescription_id, drug_id, amount, administration_route_id) VALUES (118, 15, 1, 1);
INSERT INTO prescriptions_content (prescription_id, drug_id, amount, administration_route_id) VALUES (119, 14, 3, 2);
INSERT INTO prescriptions_content (prescription_id, drug_id, amount, administration_route_id) VALUES (120, 11, 1, 1);
INSERT INTO prescriptions_content (prescription_id, drug_id, amount, administration_route_id) VALUES (121, 4, 3, 2);
INSERT INTO prescriptions_content (prescription_id, drug_id, amount, administration_route_id) VALUES (122, 10, 3, 1);
INSERT INTO prescriptions_content (prescription_id, drug_id, amount, administration_route_id) VALUES (123, 12, 1, 2);
INSERT INTO prescriptions_content (prescription_id, drug_id, amount, administration_route_id) VALUES (124, 5, 2, 2);
INSERT INTO prescriptions_content (prescription_id, drug_id, amount, administration_route_id) VALUES (124, 7, 1, 1);
INSERT INTO prescriptions_content (prescription_id, drug_id, amount, administration_route_id) VALUES (125, 2, 1, 2);
INSERT INTO prescriptions_content (prescription_id, drug_id, amount, administration_route_id) VALUES (126, 3, 1, 1);
INSERT INTO prescriptions_content (prescription_id, drug_id, amount, administration_route_id) VALUES (126, 14, 3, 2);
INSERT INTO prescriptions_content (prescription_id, drug_id, amount, administration_route_id) VALUES (127, 2, 3, 2);
INSERT INTO prescriptions_content (prescription_id, drug_id, amount, administration_route_id) VALUES (127, 16, 1, 1);
INSERT INTO prescriptions_content (prescription_id, drug_id, amount, administration_route_id) VALUES (128, 6, 2, 2);
INSERT INTO prescriptions_content (prescription_id, drug_id, amount, administration_route_id) VALUES (129, 20, 1, 1);
INSERT INTO prescriptions_content (prescription_id, drug_id, amount, administration_route_id) VALUES (130, 15, 3, 2);
INSERT INTO prescriptions_content (prescription_id, drug_id, amount, administration_route_id) VALUES (131, 4, 3, 1);
INSERT INTO prescriptions_content (prescription_id, drug_id, amount, administration_route_id) VALUES (132, 10, 1, 1);
INSERT INTO prescriptions_content (prescription_id, drug_id, amount, administration_route_id) VALUES (132, 15, 3, 2);
INSERT INTO prescriptions_content (prescription_id, drug_id, amount, administration_route_id) VALUES (132, 18, 2, 2);
INSERT INTO prescriptions_content (prescription_id, drug_id, amount, administration_route_id) VALUES (133, 5, 2, 1);
INSERT INTO prescriptions_content (prescription_id, drug_id, amount, administration_route_id) VALUES (134, 12, 3, 1);
INSERT INTO prescriptions_content (prescription_id, drug_id, amount, administration_route_id) VALUES (135, 19, 3, 1);
INSERT INTO prescriptions_content (prescription_id, drug_id, amount, administration_route_id) VALUES (136, 3, 2, 2);
INSERT INTO prescriptions_content (prescription_id, drug_id, amount, administration_route_id) VALUES (136, 19, 2, 1);
INSERT INTO prescriptions_content (prescription_id, drug_id, amount, administration_route_id) VALUES (137, 7, 1, 1);
INSERT INTO prescriptions_content (prescription_id, drug_id, amount, administration_route_id) VALUES (138, 8, 1, 1);
INSERT INTO prescriptions_content (prescription_id, drug_id, amount, administration_route_id) VALUES (139, 1, 2, 2);
INSERT INTO prescriptions_content (prescription_id, drug_id, amount, administration_route_id) VALUES (140, 1, 2, 2);
INSERT INTO prescriptions_content (prescription_id, drug_id, amount, administration_route_id) VALUES (140, 9, 2, 1);
INSERT INTO prescriptions_content (prescription_id, drug_id, amount, administration_route_id) VALUES (141, 4, 2, 2);
INSERT INTO prescriptions_content (prescription_id, drug_id, amount, administration_route_id) VALUES (141, 16, 3, 2);
INSERT INTO prescriptions_content (prescription_id, drug_id, amount, administration_route_id) VALUES (142, 5, 3, 1);
INSERT INTO prescriptions_content (prescription_id, drug_id, amount, administration_route_id) VALUES (143, 2, 2, 2);
INSERT INTO prescriptions_content (prescription_id, drug_id, amount, administration_route_id) VALUES (144, 20, 2, 2);
INSERT INTO prescriptions_content (prescription_id, drug_id, amount, administration_route_id) VALUES (145, 5, 1, 2);
INSERT INTO prescriptions_content (prescription_id, drug_id, amount, administration_route_id) VALUES (146, 18, 3, 1);
INSERT INTO prescriptions_content (prescription_id, drug_id, amount, administration_route_id) VALUES (147, 3, 3, 2);
INSERT INTO prescriptions_content (prescription_id, drug_id, amount, administration_route_id) VALUES (147, 16, 2, 1);
INSERT INTO prescriptions_content (prescription_id, drug_id, amount, administration_route_id) VALUES (148, 8, 2, 2);
INSERT INTO prescriptions_content (prescription_id, drug_id, amount, administration_route_id) VALUES (149, 10, 1, 1);
INSERT INTO prescriptions_content (prescription_id, drug_id, amount, administration_route_id) VALUES (149, 19, 3, 1);
INSERT INTO prescriptions_content (prescription_id, drug_id, amount, administration_route_id) VALUES (150, 1, 1, 2);

INSERT INTO production (id, order_id, technology_id, drug_amount, start, end) VALUES (1, 6, 13, 2, '2024-04-28 17:55:59', null);
INSERT INTO production (id, order_id, technology_id, drug_amount, start, end) VALUES (2, 17, 22, 3, '2023-08-27 22:56:40', null);
INSERT INTO production (id, order_id, technology_id, drug_amount, start, end) VALUES (3, 22, 15, 6, '2023-07-05 10:05:21', '2023-07-25 08:44:33');
INSERT INTO production (id, order_id, technology_id, drug_amount, start, end) VALUES (4, 24, 24, 5, null, null);
INSERT INTO production (id, order_id, technology_id, drug_amount, start, end) VALUES (5, 29, 24, 1, '2023-02-09 16:02:40', null);
INSERT INTO production (id, order_id, technology_id, drug_amount, start, end) VALUES (6, 40, 1, 5, '2023-01-23 23:54:31', null);
INSERT INTO production (id, order_id, technology_id, drug_amount, start, end) VALUES (7, 45, 1, 2, '2023-08-07 18:38:33', '2023-12-18 13:35:56');
INSERT INTO production (id, order_id, technology_id, drug_amount, start, end) VALUES (8, 46, 4, 4, '2023-10-01 06:21:27', '2023-10-08 17:13:04');
INSERT INTO production (id, order_id, technology_id, drug_amount, start, end) VALUES (9, 58, 11, 1, '2023-11-05 19:49:06', null);
INSERT INTO production (id, order_id, technology_id, drug_amount, start, end) VALUES (10, 72, 15, 10, '2023-10-06 03:10:57', null);
INSERT INTO production (id, order_id, technology_id, drug_amount, start, end) VALUES (11, 73, 2, 2, '2023-01-03 05:10:16', null);
INSERT INTO production (id, order_id, technology_id, drug_amount, start, end) VALUES (12, 74, 3, 6, null, null);
INSERT INTO production (id, order_id, technology_id, drug_amount, start, end) VALUES (13, 75, 14, 4, '2023-02-15 13:45:56', '2023-04-18 20:23:32');
INSERT INTO production (id, order_id, technology_id, drug_amount, start, end) VALUES (14, 81, 9, 6, '2023-10-13 08:07:26', '2023-11-24 03:42:41');
INSERT INTO production (id, order_id, technology_id, drug_amount, start, end) VALUES (15, 107, 12, 2, '2023-03-17 03:31:58', '2023-12-27 05:11:31');
INSERT INTO production (id, order_id, technology_id, drug_amount, start, end) VALUES (16, 113, 23, 6, '2023-06-29 17:24:23', '2023-08-22 13:34:32');
INSERT INTO production (id, order_id, technology_id, drug_amount, start, end) VALUES (17, 125, 3, 7, '2023-05-15 10:06:37', '2023-08-08 15:32:18');
INSERT INTO production (id, order_id, technology_id, drug_amount, start, end) VALUES (18, 126, 15, 2, '2023-11-12 07:37:17', null);
INSERT INTO production (id, order_id, technology_id, drug_amount, start, end) VALUES (19, 126, 17, 5, '2023-05-11 22:24:31', '2023-11-22 14:48:48');
INSERT INTO production (id, order_id, technology_id, drug_amount, start, end) VALUES (20, 133, 23, 5, '2023-04-10 17:33:30', '2024-05-12 20:46:06');
INSERT INTO production (id, order_id, technology_id, drug_amount, start, end) VALUES (22, 1, 2, 90, '2024-05-12 20:53:00', '2024-05-12 20:53:05');
INSERT INTO production (id, order_id, technology_id, drug_amount, start, end) VALUES (75, 1, 2, 1, null, null);
INSERT INTO production (id, order_id, technology_id, drug_amount, start, end) VALUES (76, 2, 2, 3, null, null);
INSERT INTO production (id, order_id, technology_id, drug_amount, start, end) VALUES (77, 5, 13, 2, null, null);

INSERT INTO orders_waiting_drug_supplies (order_id, drug_id, amount) VALUES (9, 3, 9);
INSERT INTO orders_waiting_drug_supplies (order_id, drug_id, amount) VALUES (47, 8, 8);
INSERT INTO orders_waiting_drug_supplies (order_id, drug_id, amount) VALUES (77, 9, 9);
INSERT INTO orders_waiting_drug_supplies (order_id, drug_id, amount) VALUES (73, 10, 7);
INSERT INTO orders_waiting_drug_supplies (order_id, drug_id, amount) VALUES (118, 12, 4);
INSERT INTO orders_waiting_drug_supplies (order_id, drug_id, amount) VALUES (38, 15, 9);
INSERT INTO orders_waiting_drug_supplies (order_id, drug_id, amount) VALUES (51, 16, 4);
INSERT INTO orders_waiting_drug_supplies (order_id, drug_id, amount) VALUES (127, 16, 2);
INSERT INTO orders_waiting_drug_supplies (order_id, drug_id, amount) VALUES (93, 17, 6);
INSERT INTO orders_waiting_drug_supplies (order_id, drug_id, amount) VALUES (66, 19, 6);

INSERT INTO reserved_drugs (order_id, storage_item_id, drug_amount) VALUES (7, 28, 9);
INSERT INTO reserved_drugs (order_id, storage_item_id, drug_amount) VALUES (7, 46, 89);
INSERT INTO reserved_drugs (order_id, storage_item_id, drug_amount) VALUES (34, 7, 8);
INSERT INTO reserved_drugs (order_id, storage_item_id, drug_amount) VALUES (46, 6, 7);
INSERT INTO reserved_drugs (order_id, storage_item_id, drug_amount) VALUES (49, 22, 3);
INSERT INTO reserved_drugs (order_id, storage_item_id, drug_amount) VALUES (52, 4, 9);
INSERT INTO reserved_drugs (order_id, storage_item_id, drug_amount) VALUES (82, 33, 3);
INSERT INTO reserved_drugs (order_id, storage_item_id, drug_amount) VALUES (84, 20, 5);
INSERT INTO reserved_drugs (order_id, storage_item_id, drug_amount) VALUES (128, 31, 3);
INSERT INTO reserved_drugs (order_id, storage_item_id, drug_amount) VALUES (132, 6, 8);
INSERT INTO reserved_drugs (order_id, storage_item_id, drug_amount) VALUES (142, 9, 3);

INSERT INTO production_lab_workers (production_id, lab_worker_id) VALUES (1, 5);
INSERT INTO production_lab_workers (production_id, lab_worker_id) VALUES (22, 4);
INSERT INTO production_lab_workers (production_id, lab_worker_id) VALUES (2, 4);
INSERT INTO production_lab_workers (production_id, lab_worker_id) VALUES (2, 1);
INSERT INTO production_lab_workers (production_id, lab_worker_id) VALUES (3, 1);
INSERT INTO production_lab_workers (production_id, lab_worker_id) VALUES (3, 3);
INSERT INTO production_lab_workers (production_id, lab_worker_id) VALUES (4, 5);
INSERT INTO production_lab_workers (production_id, lab_worker_id) VALUES (5, 5);
INSERT INTO production_lab_workers (production_id, lab_worker_id) VALUES (6, 1);
INSERT INTO production_lab_workers (production_id, lab_worker_id) VALUES (7, 5);
INSERT INTO production_lab_workers (production_id, lab_worker_id) VALUES (8, 1);
INSERT INTO production_lab_workers (production_id, lab_worker_id) VALUES (9, 1);
INSERT INTO production_lab_workers (production_id, lab_worker_id) VALUES (10, 5);
INSERT INTO production_lab_workers (production_id, lab_worker_id) VALUES (10, 2);
INSERT INTO production_lab_workers (production_id, lab_worker_id) VALUES (12, 1);
INSERT INTO production_lab_workers (production_id, lab_worker_id) VALUES (13, 4);
INSERT INTO production_lab_workers (production_id, lab_worker_id) VALUES (14, 1);
INSERT INTO production_lab_workers (production_id, lab_worker_id) VALUES (15, 3);
INSERT INTO production_lab_workers (production_id, lab_worker_id) VALUES (16, 2);
INSERT INTO production_lab_workers (production_id, lab_worker_id) VALUES (17, 1);
INSERT INTO production_lab_workers (production_id, lab_worker_id) VALUES (18, 1);
INSERT INTO production_lab_workers (production_id, lab_worker_id) VALUES (19, 5);
INSERT INTO production_lab_workers (production_id, lab_worker_id) VALUES (20, 4);

INSERT INTO technology_components (technology_id, component_id, component_amount) VALUES (3, 1, 1);
INSERT INTO technology_components (technology_id, component_id, component_amount) VALUES (6, 1, 2);
INSERT INTO technology_components (technology_id, component_id, component_amount) VALUES (15, 1, 4);
INSERT INTO technology_components (technology_id, component_id, component_amount) VALUES (19, 1, 5);
INSERT INTO technology_components (technology_id, component_id, component_amount) VALUES (20, 1, 5);
INSERT INTO technology_components (technology_id, component_id, component_amount) VALUES (2, 2, 4);
INSERT INTO technology_components (technology_id, component_id, component_amount) VALUES (4, 2, 1);
INSERT INTO technology_components (technology_id, component_id, component_amount) VALUES (9, 2, 2);
INSERT INTO technology_components (technology_id, component_id, component_amount) VALUES (11, 2, 5);
INSERT INTO technology_components (technology_id, component_id, component_amount) VALUES (21, 2, 1);
INSERT INTO technology_components (technology_id, component_id, component_amount) VALUES (3, 3, 4);
INSERT INTO technology_components (technology_id, component_id, component_amount) VALUES (9, 3, 5);
INSERT INTO technology_components (technology_id, component_id, component_amount) VALUES (10, 3, 4);
INSERT INTO technology_components (technology_id, component_id, component_amount) VALUES (11, 3, 5);
INSERT INTO technology_components (technology_id, component_id, component_amount) VALUES (12, 3, 2);
INSERT INTO technology_components (technology_id, component_id, component_amount) VALUES (15, 3, 4);
INSERT INTO technology_components (technology_id, component_id, component_amount) VALUES (22, 3, 4);
INSERT INTO technology_components (technology_id, component_id, component_amount) VALUES (2, 4, 4);
INSERT INTO technology_components (technology_id, component_id, component_amount) VALUES (7, 4, 1);
INSERT INTO technology_components (technology_id, component_id, component_amount) VALUES (16, 4, 1);
INSERT INTO technology_components (technology_id, component_id, component_amount) VALUES (25, 4, 3);
INSERT INTO technology_components (technology_id, component_id, component_amount) VALUES (7, 5, 1);
INSERT INTO technology_components (technology_id, component_id, component_amount) VALUES (8, 5, 4);
INSERT INTO technology_components (technology_id, component_id, component_amount) VALUES (11, 5, 1);
INSERT INTO technology_components (technology_id, component_id, component_amount) VALUES (13, 5, 2);
INSERT INTO technology_components (technology_id, component_id, component_amount) VALUES (14, 5, 5);
INSERT INTO technology_components (technology_id, component_id, component_amount) VALUES (16, 5, 4);
INSERT INTO technology_components (technology_id, component_id, component_amount) VALUES (25, 5, 3);
INSERT INTO technology_components (technology_id, component_id, component_amount) VALUES (10, 6, 1);
INSERT INTO technology_components (technology_id, component_id, component_amount) VALUES (12, 6, 4);
INSERT INTO technology_components (technology_id, component_id, component_amount) VALUES (13, 6, 1);
INSERT INTO technology_components (technology_id, component_id, component_amount) VALUES (6, 7, 3);
INSERT INTO technology_components (technology_id, component_id, component_amount) VALUES (17, 7, 3);
INSERT INTO technology_components (technology_id, component_id, component_amount) VALUES (18, 7, 1);
INSERT INTO technology_components (technology_id, component_id, component_amount) VALUES (22, 7, 1);
INSERT INTO technology_components (technology_id, component_id, component_amount) VALUES (1, 8, 5);
INSERT INTO technology_components (technology_id, component_id, component_amount) VALUES (3, 8, 5);
INSERT INTO technology_components (technology_id, component_id, component_amount) VALUES (7, 8, 1);
INSERT INTO technology_components (technology_id, component_id, component_amount) VALUES (9, 8, 3);
INSERT INTO technology_components (technology_id, component_id, component_amount) VALUES (17, 8, 5);
INSERT INTO technology_components (technology_id, component_id, component_amount) VALUES (6, 9, 2);
INSERT INTO technology_components (technology_id, component_id, component_amount) VALUES (18, 9, 3);
INSERT INTO technology_components (technology_id, component_id, component_amount) VALUES (22, 9, 5);
INSERT INTO technology_components (technology_id, component_id, component_amount) VALUES (24, 9, 5);
INSERT INTO technology_components (technology_id, component_id, component_amount) VALUES (25, 9, 5);
INSERT INTO technology_components (technology_id, component_id, component_amount) VALUES (7, 10, 3);
INSERT INTO technology_components (technology_id, component_id, component_amount) VALUES (8, 10, 1);
INSERT INTO technology_components (technology_id, component_id, component_amount) VALUES (9, 10, 1);
INSERT INTO technology_components (technology_id, component_id, component_amount) VALUES (20, 10, 2);
INSERT INTO technology_components (technology_id, component_id, component_amount) VALUES (25, 10, 3);
INSERT INTO technology_components (technology_id, component_id, component_amount) VALUES (3, 11, 1);
INSERT INTO technology_components (technology_id, component_id, component_amount) VALUES (10, 11, 4);
INSERT INTO technology_components (technology_id, component_id, component_amount) VALUES (19, 11, 3);
INSERT INTO technology_components (technology_id, component_id, component_amount) VALUES (24, 11, 1);
INSERT INTO technology_components (technology_id, component_id, component_amount) VALUES (2, 12, 3);
INSERT INTO technology_components (technology_id, component_id, component_amount) VALUES (17, 12, 5);
INSERT INTO technology_components (technology_id, component_id, component_amount) VALUES (23, 12, 3);
INSERT INTO technology_components (technology_id, component_id, component_amount) VALUES (14, 13, 5);
INSERT INTO technology_components (technology_id, component_id, component_amount) VALUES (21, 13, 5);
INSERT INTO technology_components (technology_id, component_id, component_amount) VALUES (25, 13, 3);
INSERT INTO technology_components (technology_id, component_id, component_amount) VALUES (9, 14, 4);
INSERT INTO technology_components (technology_id, component_id, component_amount) VALUES (17, 14, 1);
INSERT INTO technology_components (technology_id, component_id, component_amount) VALUES (20, 14, 5);
INSERT INTO technology_components (technology_id, component_id, component_amount) VALUES (2, 15, 2);
INSERT INTO technology_components (technology_id, component_id, component_amount) VALUES (4, 15, 2);
INSERT INTO technology_components (technology_id, component_id, component_amount) VALUES (19, 15, 3);
INSERT INTO technology_components (technology_id, component_id, component_amount) VALUES (22, 15, 1);
INSERT INTO technology_components (technology_id, component_id, component_amount) VALUES (23, 15, 4);
INSERT INTO technology_components (technology_id, component_id, component_amount) VALUES (7, 16, 1);
INSERT INTO technology_components (technology_id, component_id, component_amount) VALUES (12, 16, 5);
INSERT INTO technology_components (technology_id, component_id, component_amount) VALUES (16, 16, 4);
INSERT INTO technology_components (technology_id, component_id, component_amount) VALUES (17, 16, 2);
INSERT INTO technology_components (technology_id, component_id, component_amount) VALUES (3, 17, 3);
INSERT INTO technology_components (technology_id, component_id, component_amount) VALUES (4, 17, 2);
INSERT INTO technology_components (technology_id, component_id, component_amount) VALUES (11, 17, 1);
INSERT INTO technology_components (technology_id, component_id, component_amount) VALUES (20, 17, 4);
INSERT INTO technology_components (technology_id, component_id, component_amount) VALUES (23, 17, 5);
INSERT INTO technology_components (technology_id, component_id, component_amount) VALUES (2, 18, 3);
INSERT INTO technology_components (technology_id, component_id, component_amount) VALUES (5, 18, 5);
INSERT INTO technology_components (technology_id, component_id, component_amount) VALUES (10, 18, 2);
INSERT INTO technology_components (technology_id, component_id, component_amount) VALUES (13, 18, 2);
INSERT INTO technology_components (technology_id, component_id, component_amount) VALUES (14, 18, 2);
INSERT INTO technology_components (technology_id, component_id, component_amount) VALUES (6, 19, 2);
INSERT INTO technology_components (technology_id, component_id, component_amount) VALUES (12, 19, 3);
INSERT INTO technology_components (technology_id, component_id, component_amount) VALUES (20, 19, 4);
INSERT INTO technology_components (technology_id, component_id, component_amount) VALUES (22, 19, 3);
INSERT INTO technology_components (technology_id, component_id, component_amount) VALUES (23, 19, 1);
INSERT INTO technology_components (technology_id, component_id, component_amount) VALUES (5, 20, 4);
INSERT INTO technology_components (technology_id, component_id, component_amount) VALUES (15, 20, 1);
INSERT INTO technology_components (technology_id, component_id, component_amount) VALUES (19, 20, 3);
